vehicle_id,start_ts,start_battery,end_ts,end_battery,confidence
56d8ca94-9b18-41d1-831f-7afd905326d4,2023-01-01 02:11:23.100000+00:00,64.3,2023-01-01 03:52:56.020000+00:00,85.90285714285706,150
56d8ca94-9b18-41d1-831f-7afd905326d4,2023-01-02 00:49:08.100000+00:00,30.31999999999997,2023-01-02 03:56:17.100000+00:00,92.29714285714276,363
56d8ca94-9b18-41d1-831f-7afd905326d4,2023-01-05 15:25:21.100000+00:00,68.00571428571422,2023-01-06 07:30:40.100000+00:00,85.05999999999992,1289
56d8ca94-9b18-41d1-831f-7afd905326d4,2023-01-09 23:22:32.100000+00:00,63.20285714285708,2023-01-10 06:25:20.100000+00:00,73.69999999999993,669
56d8ca94-9b18-41d1-831f-7afd905326d4,2023-01-12 06:52:54.100000+00:00,8.557142857142845,2023-01-12 09:15:30.100000+00:00,93.69999999999992,247
56d8ca94-9b18-41d1-831f-7afd905326d4,2023-01-13 22:45:40.100000+00:00,64.77714285714279,2023-01-14 09:08:32.100000+00:00,69.79999999999993,1025
56d8ca94-9b18-41d1-831f-7afd905326d4,2023-01-15 09:40:56.117000+00:00,6.3342857142856905,2023-01-15 10:17:33.166000+00:00,54.694285714285684,4
56d8ca94-9b18-41d1-831f-7afd905326d4,2023-01-15 22:04:26.013000+00:00,33.699999999999974,2023-01-16 00:50:18.127000+00:00,104.3114285714285,189
56d8ca94-9b18-41d1-831f-7afd905326d4,2023-01-18 02:24:42.196000+00:00,54.277142857142806,2023-01-18 02:46:53.230000+00:00,77.71428571428564,3
56d8ca94-9b18-41d1-831f-7afd905326d4,2023-01-18 05:58:16.281000+00:00,41.54571428571424,2023-01-18 06:33:20.370000+00:00,52.354285714285666,8
56d8ca94-9b18-41d1-831f-7afd905326d4,2023-01-18 21:30:35.012000+00:00,36.79999999999996,2023-01-19 04:51:16.020000+00:00,40.657142857142816,794
56d8ca94-9b18-41d1-831f-7afd905326d4,2023-01-19 04:52:18.011000+00:00,39.27714285714282,2023-01-19 10:05:14.100000+00:00,89.06857142857135,576
56d8ca94-9b18-41d1-831f-7afd905326d4,2023-01-22 21:23:37.036000+00:00,12.397142857142846,2023-01-22 23:36:27.670000+00:00,89.88571428571419,198
56d8ca94-9b18-41d1-831f-7afd905326d4,2023-01-23 21:51:14.100000+00:00,10.717142857142846,2023-01-24 11:41:06.100000+00:00,46.39714285714282,1560
56d8ca94-9b18-41d1-831f-7afd905326d4,2023-01-25 23:26:34.100000+00:00,37.80571428571425,2023-01-26 02:09:21.011000+00:00,63.431428571428505,292
56d8ca94-9b18-41d1-831f-7afd905326d4,2023-01-26 02:09:39.100000+00:00,62.42857142857136,2023-01-26 06:16:47.100000+00:00,67.57142857142851,442
56d8ca94-9b18-41d1-831f-7afd905326d4,2023-01-26 23:45:19.100000+00:00,65.91428571428565,2023-01-27 10:17:41.100000+00:00,78.97142857142849,1205
56d8ca94-9b18-41d1-831f-7afd905326d4,2023-01-30 21:39:39.100000+00:00,4.788571428571423,2021-09-02 02:47:03.029000+00:00,104.31428571428562,329
66bd55df-eaf0-49c8-b9e1-7759b85e9325,2021-09-21 15:29:48+00:00,53.40285714285709,2021-09-21 15:44:41.011000+00:00,75.90285714285709,30
66bd55df-eaf0-49c8-b9e1-7759b85e9325,2021-09-21 15:45:19+00:00,38.76571428571422,2021-09-21 18:58:22.011000+00:00,76.58571428571422,203
66bd55df-eaf0-49c8-b9e1-7759b85e9325,2021-09-22 01:23:10.020000+00:00,43.45999999999995,2021-09-22 02:34:12.011000+00:00,64.29999999999994,78
66bd55df-eaf0-49c8-b9e1-7759b85e9325,2021-09-22 16:11:00+00:00,60.782857142857075,2021-09-22 16:45:37.021000+00:00,81.51714285714279,12
66bd55df-eaf0-49c8-b9e1-7759b85e9325,2021-09-22 17:17:35.020000+00:00,86.83428571428564,2021-09-22 17:18:06.029000+00:00,90.66857142857134,2
66bd55df-eaf0-49c8-b9e1-7759b85e9325,2021-09-22 17:59:57.020000+00:00,84.1457142857142,2021-09-22 18:00:17.029000+00:00,89.3314285714285,3
66bd55df-eaf0-49c8-b9e1-7759b85e9325,2021-09-22 18:23:23+00:00,66.17142857142849,2021-09-22 18:28:48+00:00,85.02857142857135,4
66bd55df-eaf0-49c8-b9e1-7759b85e9325,2021-09-22 21:53:08+00:00,53.70857142857137,2021-09-22 21:54:05.175000+00:00,72.86857142857136,3
66bd55df-eaf0-49c8-b9e1-7759b85e9325,2021-09-22 22:30:04.011000+00:00,71.62285714285709,2021-09-22 22:30:28.020000+00:00,78.06285714285708,3
66bd55df-eaf0-49c8-b9e1-7759b85e9325,2021-09-22 23:46:09+00:00,48.145714285714234,2021-09-23 00:20:42.011000+00:00,84.24857142857135,20
66bd55df-eaf0-49c8-b9e1-7759b85e9325,2021-09-23 00:21:44.029000+00:00,72.89999999999995,2021-09-23 01:49:48.011000+00:00,95.47142857142849,38
66bd55df-eaf0-49c8-b9e1-7759b85e9325,2021-09-23 15:18:42.020000+00:00,34.72571428571424,2021-09-23 21:16:51.002000+00:00,50.06571428571424,296
66bd55df-eaf0-49c8-b9e1-7759b85e9325,2021-09-23 21:19:28+00:00,55.16571428571423,2021-09-23 23:24:02.011000+00:00,77.45428571428565,120
66bd55df-eaf0-49c8-b9e1-7759b85e9325,2021-09-24 15:10:44+00:00,53.208571428571375,2021-09-24 18:16:52.029000+00:00,69.79999999999993,144
66bd55df-eaf0-49c8-b9e1-7759b85e9325,2021-09-24 18:19:26.002000+00:00,68.99999999999993,2021-09-24 18:58:06.002000+00:00,77.94857142857137,71
66bd55df-eaf0-49c8-b9e1-7759b85e9325,2021-09-24 19:18:46.011000+00:00,76.19714285714278,2021-09-24 19:19:17.020000+00:00,81.47428571428566,2
66bd55df-eaf0-49c8-b9e1-7759b85e9325,2021-09-24 19:20:19.011000+00:00,63.16857142857137,2021-09-24 20:00:37.002000+00:00,74.35428571428565,79
66bd55df-eaf0-49c8-b9e1-7759b85e9325,2021-09-24 20:01:39.020000+00:00,56.79999999999994,2021-09-24 20:26:58.011000+00:00,76.03428571428566,50
66bd55df-eaf0-49c8-b9e1-7759b85e9325,2021-09-25 00:53:35+00:00,41.362857142857095,2021-09-25 01:44:53.017000+00:00,81.96285714285708,10
66bd55df-eaf0-49c8-b9e1-7759b85e9325,2021-09-25 15:54:26.011000+00:00,42.37428571428566,2021-09-25 17:20:59.011000+00:00,75.99999999999993,79
66bd55df-eaf0-49c8-b9e1-7759b85e9325,2021-09-25 18:16:29.011000+00:00,82.51999999999992,2021-09-25 18:17:00.020000+00:00,88.01714285714277,2
66bd55df-eaf0-49c8-b9e1-7759b85e9325,2021-09-25 18:18:02.002000+00:00,67.79999999999994,2021-09-25 18:32:30.011000+00:00,82.02857142857135,29
66bd55df-eaf0-49c8-b9e1-7759b85e9325,2021-09-25 19:37:27+00:00,35.074285714285665,2021-09-25 20:29:13.093000+00:00,82.60571428571421,9
66bd55df-eaf0-49c8-b9e1-7759b85e9325,2021-09-26 00:59:33.002000+00:00,45.88571428571423,2021-09-26 01:39:56.017000+00:00,78.59428571428566,7
66bd55df-eaf0-49c8-b9e1-7759b85e9325,2021-09-26 15:38:02.006000+00:00,52.465714285714235,2021-09-26 16:46:27.017000+00:00,79.10285714285709,67
66bd55df-eaf0-49c8-b9e1-7759b85e9325,2021-09-26 17:59:27.002000+00:00,78.59714285714279,2021-09-26 17:59:58.014000+00:00,84.55428571428564,2
66bd55df-eaf0-49c8-b9e1-7759b85e9325,2021-09-26 19:16:57.002000+00:00,35.362857142857116,2021-09-26 21:13:35.014000+00:00,77.82857142857137,115
66bd55df-eaf0-49c8-b9e1-7759b85e9325,2021-09-28 03:30:32.011000+00:00,44.03714285714281,2021-09-28 03:38:48.011000+00:00,61.18857142857138,17
66bd55df-eaf0-49c8-b9e1-7759b85e9325,2021-09-28 15:33:01.020000+00:00,52.39428571428566,2021-09-28 16:24:46.017000+00:00,91.7514285714285,6
66bd55df-eaf0-49c8-b9e1-7759b85e9325,2021-09-28 16:38:46+00:00,73.0914285714285,2021-09-28 16:39:42.044000+00:00,84.04571428571421,3
66bd55df-eaf0-49c8-b9e1-7759b85e9325,2021-09-29 14:11:29.011000+00:00,69.69999999999993,2021-09-29 14:12:00.020000+00:00,76.67999999999995,2
66bd55df-eaf0-49c8-b9e1-7759b85e9325,2021-09-29 14:35:21.002000+00:00,52.96285714285709,2021-09-29 15:32:02.197000+00:00,83.45428571428565,6
66bd55df-eaf0-49c8-b9e1-7759b85e9325,2021-09-29 15:40:18.011000+00:00,89.15428571428563,2021-09-29 15:40:49.020000+00:00,93.46857142857135,2
66bd55df-eaf0-49c8-b9e1-7759b85e9325,2021-10-01 15:13:59+00:00,65.10285714285709,2021-10-01 16:07:25.016000+00:00,89.42857142857136,38
66bd55df-eaf0-49c8-b9e1-7759b85e9325,2021-10-01 21:17:13.020000+00:00,67.39999999999995,2021-10-01 21:26:31.011000+00:00,81.39999999999992,19
66bd55df-eaf0-49c8-b9e1-7759b85e9325,2021-10-02 00:42:04+00:00,27.1028571428571,2021-10-02 01:38:33.017000+00:00,82.78571428571422,13
66bd55df-eaf0-49c8-b9e1-7759b85e9325,2021-10-02 15:22:46+00:00,34.86857142857138,2021-10-02 17:17:03.002000+00:00,75.19999999999993,131
66bd55df-eaf0-49c8-b9e1-7759b85e9325,2021-10-03 02:51:51.029000+00:00,82.16857142857135,2021-10-03 02:53:08+00:00,86.7314285714285,5
66bd55df-eaf0-49c8-b9e1-7759b85e9325,2021-10-03 15:55:31.011000+00:00,34.9428571428571,2021-10-03 18:26:21+00:00,73.19714285714278,161
66bd55df-eaf0-49c8-b9e1-7759b85e9325,2021-10-04 15:53:20.020000+00:00,62.62857142857136,2021-10-04 18:25:49.002000+00:00,88.4914285714285,97
66bd55df-eaf0-49c8-b9e1-7759b85e9325,2021-10-04 22:26:00.012000+00:00,66.19999999999993,2021-10-05 02:37:37.002000+00:00,73.42857142857136,60
66bd55df-eaf0-49c8-b9e1-7759b85e9325,2021-10-05 02:38:39.020000+00:00,57.99999999999994,2021-10-05 02:39:41.011000+00:00,78.88571428571422,3
66bd55df-eaf0-49c8-b9e1-7759b85e9325,2021-10-06 03:08:25.011000+00:00,52.66571428571423,2021-10-06 04:09:11.042000+00:00,76.3314285714285,34
66bd55df-eaf0-49c8-b9e1-7759b85e9325,2021-10-06 23:54:01+00:00,38.00571428571424,2021-10-07 00:37:47.002000+00:00,88.70857142857133,10
66bd55df-eaf0-49c8-b9e1-7759b85e9325,2021-10-07 15:31:22+00:00,70.38857142857135,2021-10-07 15:32:18.047000+00:00,86.54857142857136,3
66bd55df-eaf0-49c8-b9e1-7759b85e9325,2021-10-07 15:47:17.029000+00:00,69.3371428571428,2021-10-07 18:08:23.014000+00:00,75.16571428571422,72
66bd55df-eaf0-49c8-b9e1-7759b85e9325,2021-10-07 18:09:25.015000+00:00,86.78857142857134,2021-10-07 18:09:56.024000+00:00,91.61714285714278,2
66bd55df-eaf0-49c8-b9e1-7759b85e9325,2021-10-07 18:10:59.002000+00:00,75.19999999999993,2021-10-07 18:29:34.011000+00:00,82.95714285714278,37
66bd55df-eaf0-49c8-b9e1-7759b85e9325,2021-10-07 23:25:07+00:00,59.351428571428514,2021-10-08 00:17:15.209000+00:00,79.40285714285706,32
66bd55df-eaf0-49c8-b9e1-7759b85e9325,2021-10-08 21:11:51.011000+00:00,42.717142857142804,2021-10-09 04:58:50.011000+00:00,81.58285714285708,169
66bd55df-eaf0-49c8-b9e1-7759b85e9325,2021-10-09 04:59:52.029000+00:00,62.29999999999994,2021-10-09 05:00:54.011000+00:00,77.0314285714285,3
66bd55df-eaf0-49c8-b9e1-7759b85e9325,2021-10-09 16:14:00+00:00,53.99999999999994,2021-10-09 17:04:21.024000+00:00,82.99999999999994,5
66bd55df-eaf0-49c8-b9e1-7759b85e9325,2021-10-10 15:22:34+00:00,43.371428571428524,2021-10-10 16:13:53.002000+00:00,90.7257142857142,10
66bd55df-eaf0-49c8-b9e1-7759b85e9325,2021-10-10 18:10:39.011000+00:00,52.36285714285709,2021-10-10 18:28:44.011000+00:00,68.70285714285708,36
66bd55df-eaf0-49c8-b9e1-7759b85e9325,2021-10-10 19:21:40.020000+00:00,47.47428571428566,2021-10-10 20:04:48.021000+00:00,79.39428571428564,6
66bd55df-eaf0-49c8-b9e1-7759b85e9325,2021-10-10 23:00:44+00:00,58.234285714285676,2021-10-11 01:20:51+00:00,68.53999999999996,4
66bd55df-eaf0-49c8-b9e1-7759b85e9325,2021-10-11 15:11:04+00:00,29.317142857142827,2021-10-11 17:10:54.002000+00:00,80.2314285714285,82
66bd55df-eaf0-49c8-b9e1-7759b85e9325,2021-10-11 19:18:16+00:00,42.61714285714281,2021-10-11 19:47:45.049000+00:00,73.38571428571422,9
66bd55df-eaf0-49c8-b9e1-7759b85e9325,2021-10-11 19:48:47.091000+00:00,82.35142857142849,2021-10-11 19:49:18.103000+00:00,86.62285714285706,2
66bd55df-eaf0-49c8-b9e1-7759b85e9325,2021-10-11 22:32:20.020000+00:00,33.73999999999997,2021-10-11 22:53:21.002000+00:00,51.29999999999995,14
66bd55df-eaf0-49c8-b9e1-7759b85e9325,2021-10-12 02:12:11+00:00,50.75142857142852,2021-10-12 03:46:55.011000+00:00,59.00571428571423,36
66bd55df-eaf0-49c8-b9e1-7759b85e9325,2021-10-12 14:04:31.020000+00:00,66.1771428571428,2021-10-12 14:05:04.035000+00:00,74.73142857142852,4
66bd55df-eaf0-49c8-b9e1-7759b85e9325,2021-10-12 14:17:18+00:00,42.388571428571375,2021-10-12 16:15:25.008000+00:00,68.99999999999993,98
66bd55df-eaf0-49c8-b9e1-7759b85e9325,2021-10-13 15:20:29+00:00,36.511428571428524,2021-10-13 16:26:06.020000+00:00,79.99999999999993,19
66bd55df-eaf0-49c8-b9e1-7759b85e9325,2021-10-13 16:26:27.033000+00:00,77.94285714285706,2021-10-13 17:48:29+00:00,92.24857142857135,3
66bd55df-eaf0-49c8-b9e1-7759b85e9325,2021-10-14 19:08:39+00:00,33.09714285714281,2021-10-14 20:13:31.011000+00:00,77.9657142857142,29
66bd55df-eaf0-49c8-b9e1-7759b85e9325,2021-10-15 20:29:46.002000+00:00,43.899999999999956,2021-10-16 04:43:44.028000+00:00,54.568571428571374,152
66bd55df-eaf0-49c8-b9e1-7759b85e9325,2021-10-16 22:16:45+00:00,41.17142857142852,2021-10-16 23:06:58.029000+00:00,78.79999999999993,25
66bd55df-eaf0-49c8-b9e1-7759b85e9325,2021-10-16 23:08:00.011000+00:00,89.49714285714276,2021-10-16 23:08:31.020000+00:00,93.95428571428563,2
66bd55df-eaf0-49c8-b9e1-7759b85e9325,2021-10-17 00:58:50+00:00,72.13999999999993,2021-10-17 00:59:46.045000+00:00,87.1314285714285,3
66bd55df-eaf0-49c8-b9e1-7759b85e9325,2021-10-17 17:35:52.011000+00:00,80.79428571428564,2021-10-17 17:35:55.017000+00:00,86.70857142857136,3
66bd55df-eaf0-49c8-b9e1-7759b85e9325,2021-10-17 17:40:35.002000+00:00,66.59999999999992,2021-10-17 19:01:03.011000+00:00,77.7514285714285,151
66bd55df-eaf0-49c8-b9e1-7759b85e9325,2021-10-18 00:33:13.020000+00:00,40.37999999999995,2021-10-18 03:35:59.020000+00:00,54.9771428571428,116
66bd55df-eaf0-49c8-b9e1-7759b85e9325,2021-10-18 15:21:16.011000+00:00,50.30285714285709,2021-10-18 16:20:17.015000+00:00,79.26857142857135,11
66bd55df-eaf0-49c8-b9e1-7759b85e9325,2021-10-18 18:02:19.011000+00:00,85.43999999999991,2021-10-18 18:02:49.020000+00:00,89.0399999999999,2
66bd55df-eaf0-49c8-b9e1-7759b85e9325,2021-10-18 18:03:51.002000+00:00,76.79999999999993,2021-10-19 01:27:26.011000+00:00,84.04571428571421,402
66bd55df-eaf0-49c8-b9e1-7759b85e9325,2021-10-19 01:28:29.029000+00:00,64.77714285714279,2021-10-19 03:30:50.011000+00:00,76.0714285714285,44
66bd55df-eaf0-49c8-b9e1-7759b85e9325,2021-10-19 15:35:56.011000+00:00,54.95999999999994,2021-10-19 17:32:16.016000+00:00,75.19999999999993,27
66bd55df-eaf0-49c8-b9e1-7759b85e9325,2021-10-19 19:27:45+00:00,45.67999999999995,2021-10-19 21:15:49.011000+00:00,74.09142857142851,138
66bd55df-eaf0-49c8-b9e1-7759b85e9325,2021-10-20 01:56:45+00:00,22.577142857142807,2021-10-20 01:57:30.008000+00:00,56.657142857142816,6
66bd55df-eaf0-49c8-b9e1-7759b85e9325,2021-10-20 12:49:38.029000+00:00,36.83999999999996,2021-10-20 16:08:01.042000+00:00,66.30571428571422,261
66bd55df-eaf0-49c8-b9e1-7759b85e9325,2021-10-20 20:03:18.011000+00:00,58.10285714285709,2021-10-20 20:03:27.020000+00:00,67.64571428571423,3
66bd55df-eaf0-49c8-b9e1-7759b85e9325,2021-10-20 20:13:58+00:00,29.47428571428567,2021-10-20 20:15:57.023000+00:00,35.19999999999997,5
66bd55df-eaf0-49c8-b9e1-7759b85e9325,2021-10-20 20:16:30+00:00,29.35428571428567,2021-10-20 20:26:49.019000+00:00,69.3428571428571,5
66bd55df-eaf0-49c8-b9e1-7759b85e9325,2021-10-20 21:06:05.020000+00:00,35.73142857142852,2021-10-21 00:01:30.004000+00:00,67.43428571428566,71
66bd55df-eaf0-49c8-b9e1-7759b85e9325,2021-10-21 13:29:57+00:00,49.58857142857138,2021-10-21 14:49:58.029000+00:00,71.29999999999993,66
66bd55df-eaf0-49c8-b9e1-7759b85e9325,2021-10-21 15:47:21.002000+00:00,76.52571428571422,2021-10-21 15:47:52.011000+00:00,83.10857142857137,2
66bd55df-eaf0-49c8-b9e1-7759b85e9325,2021-10-21 15:48:54.002000+00:00,59.199999999999946,2021-10-21 15:55:37.011000+00:00,76.01142857142851,14
66bd55df-eaf0-49c8-b9e1-7759b85e9325,2021-10-21 16:03:23.003000+00:00,57.99999999999994,2021-10-21 19:56:35.002000+00:00,67.43428571428566,297
66bd55df-eaf0-49c8-b9e1-7759b85e9325,2021-10-21 19:57:37.020000+00:00,79.44571428571422,2021-10-21 19:58:08.029000+00:00,84.4514285714285,2
66bd55df-eaf0-49c8-b9e1-7759b85e9325,2021-10-21 21:56:33.011000+00:00,66.2828571428571,2021-10-21 21:56:56.020000+00:00,75.03714285714281,3
66bd55df-eaf0-49c8-b9e1-7759b85e9325,2021-10-22 13:32:03+00:00,30.508571428571386,2021-10-22 15:01:45.020000+00:00,70.09999999999992,95
66bd55df-eaf0-49c8-b9e1-7759b85e9325,2021-10-22 19:14:29.041000+00:00,31.59999999999996,2021-10-22 20:22:36.020000+00:00,75.5657142857142,52
66bd55df-eaf0-49c8-b9e1-7759b85e9325,2021-10-22 20:23:38.006000+00:00,84.99428571428564,2021-10-22 20:24:09.015000+00:00,88.90857142857135,2
66bd55df-eaf0-49c8-b9e1-7759b85e9325,2021-10-23 03:38:53+00:00,41.48285714285709,2021-10-23 05:13:07.002000+00:00,61.202857142857084,134
66bd55df-eaf0-49c8-b9e1-7759b85e9325,2021-10-23 15:30:05.020000+00:00,55.177142857142805,2021-10-23 16:39:31.011000+00:00,90.07428571428564,33
66bd55df-eaf0-49c8-b9e1-7759b85e9325,2021-10-23 21:38:18.020000+00:00,46.2571428571428,2021-10-24 03:23:14.002000+00:00,58.28571428571423,120
66bd55df-eaf0-49c8-b9e1-7759b85e9325,2021-10-24 15:52:17+00:00,57.348571428571375,2021-10-24 17:25:17.011000+00:00,84.1914285714285,93
66bd55df-eaf0-49c8-b9e1-7759b85e9325,2021-10-24 17:49:34.011000+00:00,77.9571428571428,2021-10-24 17:50:05.020000+00:00,84.11428571428564,2
66bd55df-eaf0-49c8-b9e1-7759b85e9325,2021-10-24 17:51:07.002000+00:00,61.89999999999994,2021-10-24 18:17:59.011000+00:00,76.49142857142851,53
66bd55df-eaf0-49c8-b9e1-7759b85e9325,2021-10-24 18:23:40.011000+00:00,52.47142857142852,2021-10-24 19:32:20.011000+00:00,86.97142857142849,46
66bd55df-eaf0-49c8-b9e1-7759b85e9325,2021-10-25 00:32:22+00:00,59.868571428571364,2021-10-25 01:14:23.037000+00:00,82.32285714285707,6
66bd55df-eaf0-49c8-b9e1-7759b85e9325,2021-10-25 01:15:25.066000+00:00,79.99999999999993,2021-10-25 01:18:00.115000+00:00,88.99428571428562,6
66bd55df-eaf0-49c8-b9e1-7759b85e9325,2021-10-25 01:19:02.133000+00:00,79.49714285714279,2021-10-25 01:48:11.011000+00:00,88.73428571428565,59
66bd55df-eaf0-49c8-b9e1-7759b85e9325,2021-10-25 13:13:36.002000+00:00,49.68285714285709,2021-10-25 15:31:03.011000+00:00,68.19999999999993,170
66bd55df-eaf0-49c8-b9e1-7759b85e9325,2021-10-25 18:03:29.011000+00:00,73.24571428571423,2021-10-25 18:04:00.020000+00:00,79.96571428571423,2
66bd55df-eaf0-49c8-b9e1-7759b85e9325,2021-10-25 23:24:55+00:00,47.64857142857137,2021-10-26 01:06:03.011000+00:00,59.311428571428515,120
66bd55df-eaf0-49c8-b9e1-7759b85e9325,2021-10-26 13:24:20.029000+00:00,50.83999999999995,2021-10-26 14:21:49.005000+00:00,79.99999999999993,9
66bd55df-eaf0-49c8-b9e1-7759b85e9325,2021-10-26 15:27:27.011000+00:00,83.65428571428563,2021-10-26 15:27:58.020000+00:00,88.81714285714278,2
66bd55df-eaf0-49c8-b9e1-7759b85e9325,2021-10-26 16:09:13.020000+00:00,64.44571428571422,2021-10-26 16:23:10.011000+00:00,76.93999999999994,28
66bd55df-eaf0-49c8-b9e1-7759b85e9325,2021-10-26 16:24:12.033000+00:00,62.29999999999994,2021-10-26 18:31:37.002000+00:00,91.81142857142848,58
66bd55df-eaf0-49c8-b9e1-7759b85e9325,2021-10-26 18:32:39.020000+00:00,80.29999999999993,2021-10-26 19:46:40.011000+00:00,88.54857142857135,76
66bd55df-eaf0-49c8-b9e1-7759b85e9325,2021-10-26 19:47:42.029000+00:00,78.43428571428564,2021-10-26 23:55:33.679000+00:00,85.80285714285706,156
66bd55df-eaf0-49c8-b9e1-7759b85e9325,2021-10-27 15:17:46+00:00,56.98285714285708,2021-10-27 15:55:48.022000+00:00,81.81714285714278,5
66bd55df-eaf0-49c8-b9e1-7759b85e9325,2021-10-27 15:56:50.011000+00:00,79.99999999999993,2021-10-27 19:04:28.011000+00:00,85.35714285714278,162
66bd55df-eaf0-49c8-b9e1-7759b85e9325,2021-10-27 19:05:30.002000+00:00,72.49999999999993,2021-10-27 19:18:25.011000+00:00,82.77428571428564,26
66bd55df-eaf0-49c8-b9e1-7759b85e9325,2021-10-27 19:19:27.029000+00:00,71.69999999999993,2021-10-27 20:18:52.011000+00:00,79.2971428571428,116
66bd55df-eaf0-49c8-b9e1-7759b85e9325,2021-10-27 22:22:33.011000+00:00,45.434285714285664,2021-10-27 22:37:01.012000+00:00,75.93142857142851,29
66bd55df-eaf0-49c8-b9e1-7759b85e9325,2021-10-27 22:38:03.034000+00:00,44.69999999999996,2021-10-28 02:28:19.019000+00:00,70.13428571428565,71
66bd55df-eaf0-49c8-b9e1-7759b85e9325,2021-10-28 03:08:56+00:00,61.67142857142849,2021-10-28 03:16:47+00:00,83.12571428571422,5
66bd55df-eaf0-49c8-b9e1-7759b85e9325,2021-10-28 16:10:28+00:00,46.75142857142852,2021-10-28 18:32:15.011000+00:00,70.49999999999994,155
66bd55df-eaf0-49c8-b9e1-7759b85e9325,2021-10-28 18:35:21.002000+00:00,83.01428571428565,2021-10-28 18:35:52.011000+00:00,88.22857142857136,2
66bd55df-eaf0-49c8-b9e1-7759b85e9325,2021-10-29 13:20:26.011000+00:00,46.10857142857138,2021-10-29 15:51:33.015000+00:00,76.79999999999993,156
66bd55df-eaf0-49c8-b9e1-7759b85e9325,2021-10-29 15:52:35.016000+00:00,87.15428571428563,2021-10-29 15:53:06.025000+00:00,91.5714285714285,2
66bd55df-eaf0-49c8-b9e1-7759b85e9325,2021-10-29 23:22:39+00:00,35.34857142857139,2021-10-30 00:14:27.011000+00:00,74.89999999999992,37
66bd55df-eaf0-49c8-b9e1-7759b85e9325,2021-10-30 00:16:31.011000+00:00,74.79714285714279,2021-10-30 05:13:54.011000+00:00,78.37999999999992,335
66bd55df-eaf0-49c8-b9e1-7759b85e9325,2021-10-30 15:07:21.011000+00:00,47.222857142857094,2021-10-30 19:17:43.011000+00:00,77.19428571428566,368
66bd55df-eaf0-49c8-b9e1-7759b85e9325,2021-10-30 19:23:13+00:00,49.26285714285708,2021-10-30 19:31:54.011000+00:00,69.12857142857138,18
66bd55df-eaf0-49c8-b9e1-7759b85e9325,2021-10-31 01:04:35+00:00,44.8971428571428,2021-10-31 02:06:03.679000+00:00,74.63714285714279,34
66bd55df-eaf0-49c8-b9e1-7759b85e9325,2021-10-31 03:51:41.011000+00:00,57.42571428571423,2021-10-31 04:13:31.035000+00:00,80.95714285714278,7
66bd55df-eaf0-49c8-b9e1-7759b85e9325,2021-10-31 15:29:21+00:00,34.83428571428566,2021-10-31 16:21:06.053000+00:00,90.2857142857142,11
66bd55df-eaf0-49c8-b9e1-7759b85e9325,2021-10-31 23:20:52.020000+00:00,61.05142857142851,2021-10-31 23:53:32.065000+00:00,88.18285714285706,10
66bd55df-eaf0-49c8-b9e1-7759b85e9325,2021-11-01 14:12:41+00:00,58.28571428571422,2021-11-01 15:08:55.002000+00:00,78.39999999999992,30
66bd55df-eaf0-49c8-b9e1-7759b85e9325,2021-11-01 15:09:57.020000+00:00,87.89714285714278,2021-11-01 15:10:28.029000+00:00,91.70285714285706,2
66bd55df-eaf0-49c8-b9e1-7759b85e9325,2021-11-01 15:11:30.011000+00:00,77.3371428571428,2021-11-01 17:12:32+00:00,89.75428571428563,143
66bd55df-eaf0-49c8-b9e1-7759b85e9325,2021-11-02 13:09:51.011000+00:00,47.762857142857094,2021-11-02 14:52:04.040000+00:00,70.89999999999993,96
66bd55df-eaf0-49c8-b9e1-7759b85e9325,2021-11-02 14:53:06.011000+00:00,82.59142857142851,2021-11-02 14:53:37.020000+00:00,87.46285714285708,2
66bd55df-eaf0-49c8-b9e1-7759b85e9325,2021-11-02 15:45:48.020000+00:00,78.51714285714277,2021-11-02 15:46:19.029000+00:00,84.27428571428564,2
66bd55df-eaf0-49c8-b9e1-7759b85e9325,2021-11-03 15:08:53.020000+00:00,57.405714285714225,2021-11-03 16:02:33.013000+00:00,93.19999999999992,6
66bd55df-eaf0-49c8-b9e1-7759b85e9325,2021-11-03 20:38:13.011000+00:00,52.16857142857137,2021-11-03 21:16:19.025000+00:00,77.52285714285708,6
66bd55df-eaf0-49c8-b9e1-7759b85e9325,2021-11-03 21:32:20.002000+00:00,74.09999999999992,2021-11-03 21:50:56.011000+00:00,85.58571428571422,37
66bd55df-eaf0-49c8-b9e1-7759b85e9325,2021-11-04 13:21:53+00:00,26.497142857142816,2021-11-04 14:09:35.027000+00:00,81.20285714285708,5
66bd55df-eaf0-49c8-b9e1-7759b85e9325,2021-11-04 15:00:05.020000+00:00,82.4314285714285,2021-11-04 15:00:36.029000+00:00,86.90285714285707,2
66bd55df-eaf0-49c8-b9e1-7759b85e9325,2021-11-04 18:15:42+00:00,53.55714285714279,2021-11-04 19:04:18.021000+00:00,83.38571428571422,5
66bd55df-eaf0-49c8-b9e1-7759b85e9325,2021-11-05 13:16:05.002000+00:00,59.4514285714285,2021-11-05 13:17:07.020000+00:00,76.1171428571428,3
66bd55df-eaf0-49c8-b9e1-7759b85e9325,2021-11-05 13:34:06.033000+00:00,59.251428571428505,2021-11-05 14:04:51.024000+00:00,79.04857142857135,4
66bd55df-eaf0-49c8-b9e1-7759b85e9325,2021-11-05 15:37:51.011000+00:00,58.52857142857136,2021-11-05 16:00:18.023000+00:00,74.47428571428563,5
66bd55df-eaf0-49c8-b9e1-7759b85e9325,2021-11-06 00:07:43+00:00,47.254285714285665,2021-11-06 00:26:13.022000+00:00,65.64571428571423,5
66bd55df-eaf0-49c8-b9e1-7759b85e9325,2021-11-06 01:53:38+00:00,45.14285714285709,2021-11-06 02:33:39.023000+00:00,81.45714285714278,5
66bd55df-eaf0-49c8-b9e1-7759b85e9325,2021-11-06 15:08:44+00:00,65.21999999999994,2021-11-06 15:45:15.021000+00:00,82.03999999999992,5
66bd55df-eaf0-49c8-b9e1-7759b85e9325,2021-11-06 18:11:42.020000+00:00,73.62285714285707,2021-11-06 18:12:13.029000+00:00,80.31428571428565,2
66bd55df-eaf0-49c8-b9e1-7759b85e9325,2021-11-06 19:54:22.020000+00:00,64.21999999999996,2021-11-06 19:54:52.029000+00:00,73.55428571428565,3
66bd55df-eaf0-49c8-b9e1-7759b85e9325,2021-11-07 15:03:17+00:00,36.02285714285709,2021-11-07 16:41:45.022000+00:00,81.12857142857136,66
66bd55df-eaf0-49c8-b9e1-7759b85e9325,2021-11-07 21:12:51.011000+00:00,28.934285714285664,2021-11-07 21:13:53.029000+00:00,58.37428571428566,3
66bd55df-eaf0-49c8-b9e1-7759b85e9325,2021-11-08 04:21:41.020000+00:00,55.47999999999996,2021-11-08 04:21:59.029000+00:00,64.73428571428568,3
66bd55df-eaf0-49c8-b9e1-7759b85e9325,2021-11-08 04:39:26+00:00,46.19999999999993,2021-11-08 05:15:23.026000+00:00,82.78571428571422,6
66bd55df-eaf0-49c8-b9e1-7759b85e9325,2021-11-08 05:16:25.011000+00:00,80.29999999999993,2021-11-08 05:21:13.011000+00:00,91.06857142857135,12
66bd55df-eaf0-49c8-b9e1-7759b85e9325,2021-11-08 15:02:58+00:00,86.19999999999992,2021-11-08 15:03:24.022000+00:00,91.59999999999992,2
66bd55df-eaf0-49c8-b9e1-7759b85e9325,2021-11-08 18:39:51+00:00,39.502857142857096,2021-11-08 19:28:55.159000+00:00,83.1971428571428,9
66bd55df-eaf0-49c8-b9e1-7759b85e9325,2021-11-08 20:29:32.020000+00:00,85.43999999999991,2021-11-08 20:29:45.029000+00:00,89.0399999999999,3
66bd55df-eaf0-49c8-b9e1-7759b85e9325,2021-11-09 16:46:01.020000+00:00,60.49428571428565,2021-11-09 17:17:59.021000+00:00,76.55428571428564,6
66bd55df-eaf0-49c8-b9e1-7759b85e9325,2021-11-09 21:48:18+00:00,55.83999999999994,2021-11-09 22:22:27.020000+00:00,77.87999999999992,5
66bd55df-eaf0-49c8-b9e1-7759b85e9325,2021-11-10 14:59:49.002000+00:00,74.09999999999992,2021-11-10 16:13:11.011000+00:00,84.42285714285707,143
66bd55df-eaf0-49c8-b9e1-7759b85e9325,2021-11-11 01:17:40.020000+00:00,66.56571428571424,2021-11-11 01:18:01.029000+00:00,74.11999999999995,3
66bd55df-eaf0-49c8-b9e1-7759b85e9325,2021-11-11 01:23:07+00:00,43.514285714285656,2021-11-11 01:27:40.002000+00:00,47.39999999999995,10
66bd55df-eaf0-49c8-b9e1-7759b85e9325,2021-11-11 01:28:42.020000+00:00,55.859999999999935,2021-11-11 02:20:13.011000+00:00,93.75428571428563,14
66bd55df-eaf0-49c8-b9e1-7759b85e9325,2021-11-11 02:24:21.020000+00:00,89.45428571428565,2021-11-11 02:24:52.029000+00:00,93.26857142857133,2
66bd55df-eaf0-49c8-b9e1-7759b85e9325,2021-11-11 15:10:09+00:00,80.89428571428563,2021-11-11 15:13:10.015000+00:00,91.00857142857134,7
66bd55df-eaf0-49c8-b9e1-7759b85e9325,2021-11-11 16:39:29+00:00,65.62285714285707,2021-11-11 19:37:34.002000+00:00,73.33428571428564,116
66bd55df-eaf0-49c8-b9e1-7759b85e9325,2021-11-11 20:38:32+00:00,63.56571428571421,2021-11-11 20:38:57.091000+00:00,83.79428571428565,2
66bd55df-eaf0-49c8-b9e1-7759b85e9325,2021-11-12 16:17:33.011000+00:00,49.151428571428525,2021-11-12 16:55:12.022000+00:00,72.51714285714279,6
66bd55df-eaf0-49c8-b9e1-7759b85e9325,2021-11-13 01:24:51+00:00,26.462857142857104,2021-11-13 02:15:09.028000+00:00,84.24285714285708,7
66bd55df-eaf0-49c8-b9e1-7759b85e9325,2021-11-13 16:03:52+00:00,60.954285714285646,2021-11-13 16:46:34.022000+00:00,81.7514285714285,5
66bd55df-eaf0-49c8-b9e1-7759b85e9325,2021-11-13 19:24:59.002000+00:00,66.99999999999994,2021-11-13 19:25:30.011000+00:00,75.34857142857138,2
66bd55df-eaf0-49c8-b9e1-7759b85e9325,2021-11-14 00:43:02.002000+00:00,42.97714285714281,2021-11-14 01:30:33+00:00,80.67714285714278,9
66bd55df-eaf0-49c8-b9e1-7759b85e9325,2021-11-14 01:43:55.020000+00:00,87.49714285714278,2021-11-14 01:44:26.029000+00:00,91.95428571428563,2
66bd55df-eaf0-49c8-b9e1-7759b85e9325,2021-11-14 01:45:28.011000+00:00,76.50285714285707,2021-11-14 02:21:38.011000+00:00,88.5657142857142,71
66bd55df-eaf0-49c8-b9e1-7759b85e9325,2021-11-14 02:27:50.011000+00:00,82.4314285714285,2021-11-14 02:28:21.020000+00:00,86.90285714285707,2
66bd55df-eaf0-49c8-b9e1-7759b85e9325,2021-11-14 02:29:23.002000+00:00,71.40285714285707,2021-11-14 02:47:59.011000+00:00,84.21714285714279,37
66bd55df-eaf0-49c8-b9e1-7759b85e9325,2021-11-14 02:49:01.029000+00:00,62.699999999999946,2021-11-14 03:20:01.011000+00:00,81.75999999999993,61
66bd55df-eaf0-49c8-b9e1-7759b85e9325,2021-11-14 03:21:03.029000+00:00,58.36571428571423,2021-11-14 03:56:42.011000+00:00,69.89428571428564,70
66bd55df-eaf0-49c8-b9e1-7759b85e9325,2021-11-14 04:17:57.042000+00:00,44.848571428571375,2021-11-14 04:45:14.021000+00:00,74.25142857142849,4
66bd55df-eaf0-49c8-b9e1-7759b85e9325,2021-11-14 16:05:04.020000+00:00,41.56857142857138,2021-11-14 18:39:26.011000+00:00,74.19428571428566,188
66bd55df-eaf0-49c8-b9e1-7759b85e9325,2021-11-14 18:40:28.033000+00:00,57.599999999999945,2021-11-14 19:26:57.025000+00:00,75.81428571428565,50
66bd55df-eaf0-49c8-b9e1-7759b85e9325,2021-11-14 20:32:45.002000+00:00,64.99999999999993,2021-11-14 20:57:33.011000+00:00,75.60285714285708,49
66bd55df-eaf0-49c8-b9e1-7759b85e9325,2021-11-15 14:25:22+00:00,53.259999999999934,2021-11-15 15:17:00.021000+00:00,83.41999999999993,5
66bd55df-eaf0-49c8-b9e1-7759b85e9325,2021-11-15 15:18:02.053000+00:00,80.11999999999992,2021-11-15 15:31:28.315000+00:00,85.62285714285706,27
66bd55df-eaf0-49c8-b9e1-7759b85e9325,2021-11-15 16:17:52+00:00,68.36857142857136,2021-11-15 16:55:06.036000+00:00,88.90857142857135,6
66bd55df-eaf0-49c8-b9e1-7759b85e9325,2021-11-15 19:23:24.033000+00:00,83.49999999999991,2021-11-15 19:34:15.011000+00:00,91.75142857142848,22
66bd55df-eaf0-49c8-b9e1-7759b85e9325,2021-11-15 20:36:07.011000+00:00,84.3514285714285,2021-11-15 20:36:38.020000+00:00,88.65714285714279,2
66bd55df-eaf0-49c8-b9e1-7759b85e9325,2021-11-16 14:15:18.765000+00:00,52.61999999999995,2021-11-16 14:49:31.821000+00:00,73.45142857142851,6
66bd55df-eaf0-49c8-b9e1-7759b85e9325,2021-11-16 14:50:33.844000+00:00,71.29999999999993,2021-11-16 15:20:52.096000+00:00,82.2314285714285,25
66bd55df-eaf0-49c8-b9e1-7759b85e9325,2021-11-16 15:49:17.654000+00:00,68.43428571428566,2021-11-16 16:55:40.011000+00:00,78.2114285714285,4
66bd55df-eaf0-49c8-b9e1-7759b85e9325,2021-11-16 19:52:52.655000+00:00,60.78285714285708,2021-11-16 21:33:16+00:00,90.15714285714279,6
66bd55df-eaf0-49c8-b9e1-7759b85e9325,2021-11-17 15:47:36+00:00,30.165714285714245,2021-11-17 16:45:18.855000+00:00,83.93428571428565,6
66bd55df-eaf0-49c8-b9e1-7759b85e9325,2021-11-17 16:46:20.878000+00:00,79.99999999999993,2021-11-17 16:57:11.089000+00:00,89.99428571428564,22
66bd55df-eaf0-49c8-b9e1-7759b85e9325,2021-11-17 20:20:39+00:00,52.88857142857137,2021-11-17 20:44:48.025000+00:00,74.9114285714285,5
66bd55df-eaf0-49c8-b9e1-7759b85e9325,2021-11-17 20:45:50.053000+00:00,73.29999999999993,2021-11-17 22:59:59.021000+00:00,81.34857142857135,167
66bd55df-eaf0-49c8-b9e1-7759b85e9325,2021-11-18 21:45:35+00:00,53.185714285714226,2021-11-18 22:17:59.022000+00:00,76.61428571428564,5
66bd55df-eaf0-49c8-b9e1-7759b85e9325,2021-11-18 23:20:09.011000+00:00,78.3914285714285,2021-11-18 23:20:43+00:00,85.26285714285709,3
66bd55df-eaf0-49c8-b9e1-7759b85e9325,2021-11-19 01:44:55+00:00,56.548571428571364,2021-11-19 02:20:24.021000+00:00,81.8514285714285,5
66bd55df-eaf0-49c8-b9e1-7759b85e9325,2021-11-19 14:47:38.011000+00:00,84.27142857142849,2021-11-19 14:48:09.020000+00:00,88.34285714285707,3
66bd55df-eaf0-49c8-b9e1-7759b85e9325,2021-11-19 16:17:02+00:00,60.81714285714279,2021-11-19 16:47:57.022000+00:00,81.08285714285707,5
66bd55df-eaf0-49c8-b9e1-7759b85e9325,2021-11-20 01:44:32.011000+00:00,71.00285714285707,2021-11-20 02:24:38.035000+00:00,87.11142857142849,17
66bd55df-eaf0-49c8-b9e1-7759b85e9325,2021-11-20 18:14:06.011000+00:00,71.19714285714278,2021-11-20 18:39:00.002000+00:00,84.3057142857142,8
66bd55df-eaf0-49c8-b9e1-7759b85e9325,2021-11-20 18:40:02.023000+00:00,70.89999999999993,2021-11-20 20:46:49.016000+00:00,88.01714285714279,25
66bd55df-eaf0-49c8-b9e1-7759b85e9325,2021-11-20 20:48:07.006000+00:00,68.19999999999993,2021-11-20 21:42:32.011000+00:00,93.79999999999993,56
66bd55df-eaf0-49c8-b9e1-7759b85e9325,2021-11-20 21:43:34.029000+00:00,61.31428571428564,2021-11-20 22:23:23.011000+00:00,76.11428571428564,58
66bd55df-eaf0-49c8-b9e1-7759b85e9325,2021-11-21 21:41:15.011000+00:00,70.31714285714278,2021-11-21 21:41:46.020000+00:00,78.10857142857137,2
66bd55df-eaf0-49c8-b9e1-7759b85e9325,2021-11-21 23:33:55.011000+00:00,68.03999999999995,2021-11-21 23:34:26.020000+00:00,75.63999999999993,2
66bd55df-eaf0-49c8-b9e1-7759b85e9325,2021-11-22 04:18:43+00:00,33.61142857142853,2021-11-22 04:44:10.007000+00:00,60.00857142857137,7
66bd55df-eaf0-49c8-b9e1-7759b85e9325,2021-11-22 04:44:50+00:00,65.3914285714285,2021-11-22 05:14:00.035000+00:00,81.68857142857135,6
66bd55df-eaf0-49c8-b9e1-7759b85e9325,2021-11-22 23:39:49.033000+00:00,65.55428571428564,2021-11-23 00:03:40.023000+00:00,79.84571428571421,4
66bd55df-eaf0-49c8-b9e1-7759b85e9325,2021-11-23 14:20:46+00:00,49.21999999999994,2021-11-23 14:53:21.021000+00:00,71.74571428571421,5
66bd55df-eaf0-49c8-b9e1-7759b85e9325,2021-11-23 15:57:58.011000+00:00,77.80857142857135,2021-11-23 15:58:29.020000+00:00,83.93714285714279,2
66bd55df-eaf0-49c8-b9e1-7759b85e9325,2021-11-23 16:28:27.020000+00:00,60.63999999999994,2021-11-23 17:00:00.023000+00:00,76.87999999999994,5
66bd55df-eaf0-49c8-b9e1-7759b85e9325,2021-11-23 17:01:02.012000+00:00,75.19999999999993,2021-11-23 18:45:42.015000+00:00,87.67999999999992,21
66bd55df-eaf0-49c8-b9e1-7759b85e9325,2021-11-23 20:13:54.011000+00:00,69.39999999999995,2021-11-23 21:12:05.011000+00:00,83.16571428571422,99
66bd55df-eaf0-49c8-b9e1-7759b85e9325,2021-11-24 00:42:12.002000+00:00,63.77428571428566,2021-11-24 00:42:43.011000+00:00,86.53999999999994,2
66bd55df-eaf0-49c8-b9e1-7759b85e9325,2021-11-24 00:51:39+00:00,33.50571428571424,2021-11-24 01:41:33.035000+00:00,83.99428571428564,6
66bd55df-eaf0-49c8-b9e1-7759b85e9325,2021-11-24 16:29:00+00:00,52.31428571428565,2021-11-24 17:12:57.331000+00:00,82.18571428571423,5
66bd55df-eaf0-49c8-b9e1-7759b85e9325,2021-11-25 01:53:16+00:00,55.382857142857084,2021-11-25 02:26:45.021000+00:00,80.21714285714279,5
66bd55df-eaf0-49c8-b9e1-7759b85e9325,2021-11-25 18:39:57+00:00,52.911428571428516,2021-11-25 19:28:59.927000+00:00,84.18857142857135,6
66bd55df-eaf0-49c8-b9e1-7759b85e9325,2021-11-28 01:49:14+00:00,65.51999999999992,2021-11-28 02:14:06.022000+00:00,80.27999999999993,5
66bd55df-eaf0-49c8-b9e1-7759b85e9325,2021-11-28 16:52:41+00:00,40.53142857142852,2021-11-28 17:46:00.082000+00:00,81.66285714285706,12
66bd55df-eaf0-49c8-b9e1-7759b85e9325,2021-11-28 23:55:25.020000+00:00,76.27428571428564,2021-11-28 23:55:33.029000+00:00,83.55999999999993,3
66bd55df-eaf0-49c8-b9e1-7759b85e9325,2021-11-29 04:17:53+00:00,48.074285714285665,2021-11-29 05:01:34.023000+00:00,82.52857142857135,5
66bd55df-eaf0-49c8-b9e1-7759b85e9325,2021-11-29 16:37:37+00:00,57.46571428571423,2021-11-29 16:58:46.021000+00:00,72.83999999999995,5
66bd55df-eaf0-49c8-b9e1-7759b85e9325,2021-11-30 14:43:01+00:00,35.36571428571423,2021-11-30 14:43:58.002000+00:00,64.03714285714281,3
66bd55df-eaf0-49c8-b9e1-7759b85e9325,2021-11-30 15:10:38+00:00,26.1628571428571,2021-11-30 16:16:53.023000+00:00,85.43714285714279,5
66bd55df-eaf0-49c8-b9e1-7759b85e9325,2021-11-30 16:17:55.011000+00:00,81.09999999999991,2021-11-30 17:41:06.011000+00:00,86.90857142857135,80
66bd55df-eaf0-49c8-b9e1-7759b85e9325,2021-11-30 18:27:36.011000+00:00,71.46857142857137,2021-11-30 18:28:07.020000+00:00,78.2371428571428,2
66bd55df-eaf0-49c8-b9e1-7759b85e9325,2021-11-30 19:09:03+00:00,38.439999999999955,2021-11-30 19:48:29.023000+00:00,80.25999999999993,5
66bd55df-eaf0-49c8-b9e1-7759b85e9325,2021-11-30 21:04:29.003000+00:00,77.60571428571421,2021-11-30 21:05:00.012000+00:00,82.6914285714285,2
66bd55df-eaf0-49c8-b9e1-7759b85e9325,2021-11-30 21:06:02.005000+00:00,65.2971428571428,2021-11-30 22:17:03.023000+00:00,76.3914285714285,81
66bd55df-eaf0-49c8-b9e1-7759b85e9325,2021-11-30 22:32:52.104000+00:00,73.29999999999993,2021-11-30 22:36:29.175000+00:00,85.58571428571422,8
66bd55df-eaf0-49c8-b9e1-7759b85e9325,2021-12-01 14:26:01+00:00,45.62571428571423,2021-12-01 15:02:12.068000+00:00,72.47999999999993,13
66bd55df-eaf0-49c8-b9e1-7759b85e9325,2021-12-01 18:03:58.030000+00:00,33.03714285714281,2021-12-01 18:55:44.072000+00:00,84.46285714285708,4
66bd55df-eaf0-49c8-b9e1-7759b85e9325,2021-12-03 14:31:38+00:00,36.917142857142814,2021-12-03 15:14:30.023000+00:00,73.58285714285708,5
66bd55df-eaf0-49c8-b9e1-7759b85e9325,2021-12-03 15:40:51.011000+00:00,80.79428571428564,2021-12-03 15:41:22.020000+00:00,93.61714285714278,2
66bd55df-eaf0-49c8-b9e1-7759b85e9325,2021-12-03 15:42:24.002000+00:00,66.66857142857135,2021-12-03 16:50:25.002000+00:00,73.88571428571422,114
66bd55df-eaf0-49c8-b9e1-7759b85e9325,2021-12-03 18:48:22+00:00,45.88285714285709,2021-12-03 19:32:49.023000+00:00,83.01714285714279,5
66bd55df-eaf0-49c8-b9e1-7759b85e9325,2021-12-03 20:21:48+00:00,71.97714285714278,2021-12-03 20:22:44.002000+00:00,91.46285714285706,3
66bd55df-eaf0-49c8-b9e1-7759b85e9325,2021-12-04 17:43:40+00:00,48.68571428571423,2021-12-04 18:38:18.022000+00:00,81.82857142857137,5
66bd55df-eaf0-49c8-b9e1-7759b85e9325,2021-12-04 18:45:32.029000+00:00,81.71714285714278,2021-12-04 19:16:09.036000+00:00,92.4057142857142,7
66bd55df-eaf0-49c8-b9e1-7759b85e9325,2021-12-06 15:44:49.020000+00:00,75.47428571428566,2021-12-06 15:45:20.029000+00:00,82.13714285714278,2
66bd55df-eaf0-49c8-b9e1-7759b85e9325,2021-12-06 16:32:15.002000+00:00,50.8171428571428,2021-12-06 17:14:23.021000+00:00,79.28285714285707,4
66bd55df-eaf0-49c8-b9e1-7759b85e9325,2021-12-06 22:13:25.011000+00:00,83.53999999999992,2021-12-06 22:13:53.020000+00:00,88.63999999999993,3
66bd55df-eaf0-49c8-b9e1-7759b85e9325,2021-12-07 15:04:44.011000+00:00,53.46571428571423,2021-12-07 15:47:39.025000+00:00,74.71999999999994,9
66bd55df-eaf0-49c8-b9e1-7759b85e9325,2021-12-07 16:16:35.020000+00:00,81.5714285714285,2021-12-07 16:17:06.029000+00:00,86.6914285714285,2
66bd55df-eaf0-49c8-b9e1-7759b85e9325,2021-12-07 16:30:03+00:00,67.41714285714278,2021-12-07 21:44:08.011000+00:00,75.19999999999993,164
66bd55df-eaf0-49c8-b9e1-7759b85e9325,2021-12-07 21:45:41.002000+00:00,72.55999999999992,2021-12-07 23:17:14.041000+00:00,80.90571428571423,167
66bd55df-eaf0-49c8-b9e1-7759b85e9325,2021-12-07 23:18:16.011000+00:00,54.43999999999994,2021-12-08 03:24:30.022000+00:00,82.71714285714279,35
66bd55df-eaf0-49c8-b9e1-7759b85e9325,2021-12-08 03:25:32.011000+00:00,80.29999999999993,2021-12-08 03:28:38.002000+00:00,90.19999999999993,7
66bd55df-eaf0-49c8-b9e1-7759b85e9325,2021-12-08 18:54:17+00:00,76.70571428571421,2021-12-08 19:08:07+00:00,84.6914285714285,5
66bd55df-eaf0-49c8-b9e1-7759b85e9325,2021-12-09 14:16:45.040000+00:00,32.834285714285656,2021-12-09 14:56:39+00:00,85.77714285714279,6
66bd55df-eaf0-49c8-b9e1-7759b85e9325,2021-12-09 16:12:31.012000+00:00,75.38571428571422,2021-12-09 16:13:02.021000+00:00,81.17142857142849,2
66bd55df-eaf0-49c8-b9e1-7759b85e9325,2021-12-09 16:32:40.015000+00:00,64.74285714285708,2021-12-09 17:07:18.021000+00:00,81.31428571428563,6
66bd55df-eaf0-49c8-b9e1-7759b85e9325,2021-12-09 18:31:32.002000+00:00,76.63999999999993,2021-12-09 19:29:45.011000+00:00,84.3514285714285,58
66bd55df-eaf0-49c8-b9e1-7759b85e9325,2021-12-09 19:40:36.020000+00:00,86.1457142857142,2021-12-09 19:41:07.032000+00:00,91.33142857142849,2
66bd55df-eaf0-49c8-b9e1-7759b85e9325,2021-12-09 23:18:36+00:00,55.22571428571424,2021-12-10 02:58:20.011000+00:00,62.20285714285709,128
66bd55df-eaf0-49c8-b9e1-7759b85e9325,2021-12-10 14:44:09.002000+00:00,22.26571428571425,2021-12-10 15:47:52+00:00,79.52571428571422,7
66bd55df-eaf0-49c8-b9e1-7759b85e9325,2021-12-14 21:50:03+00:00,61.22285714285707,2021-12-14 22:42:55.037000+00:00,86.87714285714279,6
66bd55df-eaf0-49c8-b9e1-7759b85e9325,2021-12-21 19:09:55+00:00,70.89999999999993,2021-12-21 19:19:07.020000+00:00,80.72571428571422,20
66bd55df-eaf0-49c8-b9e1-7759b85e9325,2021-12-22 16:34:28.020000+00:00,57.15428571428565,2021-12-22 18:46:18.011000+00:00,84.55142857142849,45
66bd55df-eaf0-49c8-b9e1-7759b85e9325,2021-12-23 18:48:49.029000+00:00,32.89999999999995,2021-12-23 20:23:39.014000+00:00,86.19999999999993,6
66bd55df-eaf0-49c8-b9e1-7759b85e9325,2021-12-24 18:50:48.020000+00:00,72.21714285714279,2021-12-24 18:52:15.100000+00:00,75.37142857142851,6
66bd55df-eaf0-49c8-b9e1-7759b85e9325,2021-12-27 17:00:51+00:00,56.10285714285709,2021-12-27 20:02:26.100000+00:00,79.36857142857136,111
66bd55df-eaf0-49c8-b9e1-7759b85e9325,2021-12-28 19:03:59.003000+00:00,62.494285714285645,2021-12-28 20:58:56.029000+00:00,68.99999999999993,155
66bd55df-eaf0-49c8-b9e1-7759b85e9325,2021-12-29 15:52:59.700000+00:00,64.12285714285709,2021-12-29 19:45:13.002000+00:00,68.19999999999993,194
66bd55df-eaf0-49c8-b9e1-7759b85e9325,2021-12-29 22:58:32.020000+00:00,76.4714285714285,2021-12-29 22:59:03.029000+00:00,81.8914285714285,2
66bd55df-eaf0-49c8-b9e1-7759b85e9325,2021-12-30 16:24:31.700000+00:00,47.87428571428566,2021-12-30 17:09:59.005000+00:00,68.49714285714279,10
66bd55df-eaf0-49c8-b9e1-7759b85e9325,2021-12-30 23:14:13.020000+00:00,58.39999999999995,2021-12-30 23:39:32.011000+00:00,71.63142857142851,50
66bd55df-eaf0-49c8-b9e1-7759b85e9325,2021-12-31 18:32:57.015000+00:00,35.58857142857137,2021-12-31 18:33:28.024000+00:00,62.81428571428566,2
66bd55df-eaf0-49c8-b9e1-7759b85e9325,2021-12-31 18:34:30.002000+00:00,39.608571428571395,2021-12-31 20:22:17.100000+00:00,79.1314285714285,77
66bd55df-eaf0-49c8-b9e1-7759b85e9325,2022-01-01 17:37:32.029000+00:00,71.27999999999992,2022-01-01 17:40:44.002000+00:00,90.07999999999993,3
66bd55df-eaf0-49c8-b9e1-7759b85e9325,2022-01-01 20:12:04.024000+00:00,35.40571428571423,2022-01-01 21:06:13.600000+00:00,81.79428571428565,8
66bd55df-eaf0-49c8-b9e1-7759b85e9325,2022-01-02 16:23:24+00:00,78.79999999999993,2022-01-02 17:09:39.011000+00:00,83.03714285714278,76
66bd55df-eaf0-49c8-b9e1-7759b85e9325,2022-01-02 18:01:50.480000+00:00,62.29999999999994,2022-01-02 18:28:27.006000+00:00,82.34857142857138,54
66bd55df-eaf0-49c8-b9e1-7759b85e9325,2022-01-02 19:11:10.448000+00:00,58.32285714285708,2022-01-02 19:44:31.516000+00:00,85.29999999999993,7
66bd55df-eaf0-49c8-b9e1-7759b85e9325,2022-01-03 19:16:03.002000+00:00,67.79999999999994,2022-01-03 19:42:33.011000+00:00,79.07999999999993,30
66bd55df-eaf0-49c8-b9e1-7759b85e9325,2022-01-03 21:30:27.029000+00:00,61.62571428571422,2022-01-03 22:37:40.002000+00:00,79.59999999999992,29
66bd55df-eaf0-49c8-b9e1-7759b85e9325,2022-01-04 01:11:23.011000+00:00,74.93999999999994,2022-01-04 01:11:54.020000+00:00,81.06571428571422,2
66bd55df-eaf0-49c8-b9e1-7759b85e9325,2022-01-04 16:11:34+00:00,58.56285714285708,2022-01-04 17:04:16.018000+00:00,83.25428571428564,7
66bd55df-eaf0-49c8-b9e1-7759b85e9325,2022-01-05 16:30:16.002000+00:00,64.68571428571421,2022-01-05 18:44:07.002000+00:00,76.39999999999993,60
66bd55df-eaf0-49c8-b9e1-7759b85e9325,2022-01-05 18:52:44.011000+00:00,73.25714285714278,2022-01-05 19:20:47.100000+00:00,91.54285714285706,6
66bd55df-eaf0-49c8-b9e1-7759b85e9325,2022-01-06 19:03:13.011000+00:00,67.79999999999994,2022-01-06 19:24:55.011000+00:00,77.6171428571428,43
66bd55df-eaf0-49c8-b9e1-7759b85e9325,2022-01-06 19:40:47.002000+00:00,61.891428571428506,2022-01-06 21:12:52.033000+00:00,81.09999999999991,52
66bd55df-eaf0-49c8-b9e1-7759b85e9325,2022-01-06 21:13:23.002000+00:00,79.05142857142849,2022-01-07 00:15:34.100000+00:00,92.60571428571421,6
66bd55df-eaf0-49c8-b9e1-7759b85e9325,2022-01-07 15:54:43+00:00,57.391428571428506,2022-01-07 16:42:41.029000+00:00,79.59999999999992,21
66bd55df-eaf0-49c8-b9e1-7759b85e9325,2022-01-07 16:45:16.002000+00:00,78.60571428571421,2022-01-07 16:49:55.011000+00:00,92.5714285714285,10
66bd55df-eaf0-49c8-b9e1-7759b85e9325,2022-01-08 02:23:32.020000+00:00,65.39142857142849,2022-01-08 04:54:27.100000+00:00,74.13428571428564,152
66bd55df-eaf0-49c8-b9e1-7759b85e9325,2022-01-08 19:56:53+00:00,73.80285714285708,2022-01-08 21:03:06.002000+00:00,84.06857142857136,87
66bd55df-eaf0-49c8-b9e1-7759b85e9325,2022-01-11 04:39:12.011000+00:00,34.11999999999996,2022-01-11 05:57:58.100000+00:00,77.93142857142848,54
66bd55df-eaf0-49c8-b9e1-7759b85e9325,2022-01-11 20:56:15.020000+00:00,19.577142857142828,2022-01-11 22:09:06.002000+00:00,74.46571428571421,39
66bd55df-eaf0-49c8-b9e1-7759b85e9325,2022-01-11 22:10:08.020000+00:00,85.36857142857134,2022-01-11 22:10:39.029000+00:00,90.11999999999992,2
66bd55df-eaf0-49c8-b9e1-7759b85e9325,2022-01-11 23:18:48.011000+00:00,79.70857142857136,2022-01-11 23:19:19.020000+00:00,84.65714285714279,2
66bd55df-eaf0-49c8-b9e1-7759b85e9325,2022-01-12 15:02:04.100000+00:00,31.57428571428568,2022-01-12 16:27:14.002000+00:00,91.59999999999991,50
66bd55df-eaf0-49c8-b9e1-7759b85e9325,2022-01-13 17:21:23+00:00,58.65714285714279,2022-01-13 22:34:59.107000+00:00,64.69999999999993,221
66bd55df-eaf0-49c8-b9e1-7759b85e9325,2022-01-13 22:36:01.129000+00:00,77.48857142857136,2022-01-13 22:36:32.138000+00:00,82.81714285714278,2
66bd55df-eaf0-49c8-b9e1-7759b85e9325,2022-01-14 03:31:17.028000+00:00,42.28571428571423,2022-01-14 04:37:14.100000+00:00,65.89142857142852,6
66bd55df-eaf0-49c8-b9e1-7759b85e9325,2022-01-14 15:20:15.002000+00:00,30.462857142857096,2022-01-14 17:01:35.011000+00:00,74.89999999999992,64
66bd55df-eaf0-49c8-b9e1-7759b85e9325,2022-01-15 01:37:34+00:00,43.199999999999946,2022-01-15 04:57:21.100000+00:00,77.63428571428562,90
66bd55df-eaf0-49c8-b9e1-7759b85e9325,2022-01-17 16:18:26+00:00,74.20285714285707,2022-01-17 17:19:49.011000+00:00,78.0714285714285,121
66bd55df-eaf0-49c8-b9e1-7759b85e9325,2022-01-18 00:08:58.011000+00:00,29.362857142857102,2022-01-18 01:13:34.017000+00:00,88.63714285714278,6
66bd55df-eaf0-49c8-b9e1-7759b85e9325,2022-01-18 03:07:55.020000+00:00,85.2457142857142,2022-01-18 03:08:26.029000+00:00,89.11999999999992,2
66bd55df-eaf0-49c8-b9e1-7759b85e9325,2022-01-18 14:57:33+00:00,73.41714285714278,2022-01-18 14:57:59.022000+00:00,92.71999999999993,3
66bd55df-eaf0-49c8-b9e1-7759b85e9325,2022-01-18 16:46:51+00:00,60.38285714285708,2022-01-18 18:22:21.002000+00:00,72.79714285714279,102
66bd55df-eaf0-49c8-b9e1-7759b85e9325,2022-01-19 17:20:53+00:00,67.77428571428565,2022-01-19 17:46:50.015000+00:00,84.22571428571422,12
66bd55df-eaf0-49c8-b9e1-7759b85e9325,2022-01-19 19:33:45.011000+00:00,55.119999999999955,2022-01-19 19:34:16.020000+00:00,65.3285714285714,2
66bd55df-eaf0-49c8-b9e1-7759b85e9325,2022-01-19 19:52:31.029000+00:00,18.291428571428536,2022-01-19 21:01:49.029000+00:00,73.80285714285708,32
66bd55df-eaf0-49c8-b9e1-7759b85e9325,2022-01-19 21:02:51.011000+00:00,72.16857142857135,2022-01-19 22:16:17.146000+00:00,82.2914285714285,151
66bd55df-eaf0-49c8-b9e1-7759b85e9325,2022-01-21 02:11:51+00:00,24.53714285714281,2022-01-21 02:12:16.021000+00:00,69.03999999999995,3
66bd55df-eaf0-49c8-b9e1-7759b85e9325,2022-01-21 02:48:30.020000+00:00,22.568571428571396,2022-01-21 04:17:00.100000+00:00,60.29999999999993,64
66bd55df-eaf0-49c8-b9e1-7759b85e9325,2022-01-21 16:56:04+00:00,57.9971428571428,2022-01-21 21:52:11.100000+00:00,65.14857142857139,275
66bd55df-eaf0-49c8-b9e1-7759b85e9325,2022-01-21 22:34:22+00:00,62.60571428571423,2022-01-21 22:34:28.800000+00:00,77.93142857142851,5
66bd55df-eaf0-49c8-b9e1-7759b85e9325,2022-01-22 03:13:10+00:00,55.59428571428566,2022-01-22 05:00:08.011000+00:00,80.26857142857136,116
66bd55df-eaf0-49c8-b9e1-7759b85e9325,2022-01-22 16:06:30+00:00,66.2914285714285,2022-01-22 22:54:20.002000+00:00,90.13999999999993,258
66bd55df-eaf0-49c8-b9e1-7759b85e9325,2022-01-22 22:55:22.024000+00:00,80.29999999999993,2022-01-22 23:22:14.011000+00:00,89.34857142857135,54
66bd55df-eaf0-49c8-b9e1-7759b85e9325,2022-01-22 23:33:05.020000+00:00,84.40857142857135,2022-01-22 23:33:36.029000+00:00,89.53714285714278,2
66bd55df-eaf0-49c8-b9e1-7759b85e9325,2022-01-23 04:00:43.020000+00:00,76.15142857142851,2022-01-23 04:01:14.029000+00:00,82.42285714285708,2
66bd55df-eaf0-49c8-b9e1-7759b85e9325,2022-01-23 04:02:16.011000+00:00,60.862857142857095,2022-01-23 06:38:39.100000+00:00,65.79999999999993,257
66bd55df-eaf0-49c8-b9e1-7759b85e9325,2022-01-24 04:25:02+00:00,60.582857142857094,2022-01-24 05:05:51.100000+00:00,71.27999999999996,6
66bd55df-eaf0-49c8-b9e1-7759b85e9325,2022-01-24 14:52:39+00:00,36.90285714285711,2022-01-24 17:15:35.349000+00:00,61.397142857142796,159
66bd55df-eaf0-49c8-b9e1-7759b85e9325,2022-01-24 19:54:40.195000+00:00,47.351428571428514,2022-01-24 21:08:36.229000+00:00,85.41714285714278,7
66bd55df-eaf0-49c8-b9e1-7759b85e9325,2022-01-25 16:02:32.388000+00:00,62.78857142857136,2022-01-25 17:15:18.428000+00:00,76.9114285714285,8
66bd55df-eaf0-49c8-b9e1-7759b85e9325,2022-01-25 20:26:08.038000+00:00,33.87999999999995,2022-01-25 21:28:11.002000+00:00,58.39999999999995,64
66bd55df-eaf0-49c8-b9e1-7759b85e9325,2022-01-25 21:29:13.020000+00:00,73.00571428571422,2022-01-25 21:29:44.029000+00:00,79.12571428571422,2
66bd55df-eaf0-49c8-b9e1-7759b85e9325,2022-01-25 22:30:01.029000+00:00,20.31142857142854,2022-01-25 23:37:25.020000+00:00,79.99999999999993,33
66bd55df-eaf0-49c8-b9e1-7759b85e9325,2022-01-27 15:43:43+00:00,64.29999999999994,2022-01-27 15:48:16.006000+00:00,86.2914285714285,11
66bd55df-eaf0-49c8-b9e1-7759b85e9325,2022-01-27 15:49:18.024000+00:00,63.602857142857076,2022-01-27 16:18:45.011000+00:00,80.9771428571428,59
66bd55df-eaf0-49c8-b9e1-7759b85e9325,2022-01-27 16:20:49.011000+00:00,55.19999999999995,2022-01-27 16:36:50.011000+00:00,76.02285714285708,32
66bd55df-eaf0-49c8-b9e1-7759b85e9325,2022-01-27 16:38:54.011000+00:00,47.902857142857094,2022-01-27 16:57:49.022000+00:00,74.95999999999995,21
66bd55df-eaf0-49c8-b9e1-7759b85e9325,2022-01-27 19:21:58.029000+00:00,27.628571428571384,2022-01-27 20:21:34.700000+00:00,83.27142857142852,8
66bd55df-eaf0-49c8-b9e1-7759b85e9325,2022-01-27 20:45:00.015000+00:00,85.78857142857134,2022-01-27 20:45:31.024000+00:00,98.01714285714277,2
66bd55df-eaf0-49c8-b9e1-7759b85e9325,2022-01-28 14:37:00.011000+00:00,32.73142857142852,2022-01-28 23:32:09.020000+00:00,68.30285714285708,549
66bd55df-eaf0-49c8-b9e1-7759b85e9325,2022-01-28 23:41:27.011000+00:00,77.61428571428564,2022-01-28 23:41:58.020000+00:00,83.4114285714285,2
66bd55df-eaf0-49c8-b9e1-7759b85e9325,2022-01-29 00:55:20.044000+00:00,42.07142857142853,2022-01-29 02:12:06.011000+00:00,50.07428571428565,72
66bd55df-eaf0-49c8-b9e1-7759b85e9325,2022-01-29 02:16:24.012000+00:00,29.628571428571387,2022-01-29 03:38:12.002000+00:00,77.0399999999999,78
66bd55df-eaf0-49c8-b9e1-7759b85e9325,2022-01-29 16:47:58.029000+00:00,57.87428571428565,2022-01-29 17:54:57.020000+00:00,79.59999999999992,54
66bd55df-eaf0-49c8-b9e1-7759b85e9325,2022-01-29 17:55:23.029000+00:00,77.59428571428563,2022-01-29 18:08:34.002000+00:00,90.9657142857142,3
66bd55df-eaf0-49c8-b9e1-7759b85e9325,2022-01-30 04:52:39.020000+00:00,36.948571428571384,2022-01-30 05:54:37.029000+00:00,74.09999999999992,41
66bd55df-eaf0-49c8-b9e1-7759b85e9325,2022-01-30 19:46:50.037000+00:00,31.75428571428568,2022-01-30 21:02:24.002000+00:00,74.09999999999992,72
66bd55df-eaf0-49c8-b9e1-7759b85e9325,2022-01-30 21:04:59.011000+00:00,73.66571428571422,2022-01-30 21:07:03.011000+00:00,82.85428571428564,5
66bd55df-eaf0-49c8-b9e1-7759b85e9325,2022-01-30 21:41:39.020000+00:00,71.69999999999993,2022-01-30 21:45:16.011000+00:00,86.4914285714285,9
66bd55df-eaf0-49c8-b9e1-7759b85e9325,2022-01-30 21:46:18.029000+00:00,70.60285714285708,2022-01-30 21:51:28.011000+00:00,82.75142857142849,11
66bd55df-eaf0-49c8-b9e1-7759b85e9325,2022-01-30 23:11:33.020000+00:00,61.165714285714245,2022-01-30 23:12:05.029000+00:00,71.2171428571428,2
807158a9-c266-4cda-b061-e76314b1b422,2023-01-12 02:08:51.100000+00:00,61.25142857142853,2023-01-12 02:55:41.100000+00:00,72.46571428571421,93
807158a9-c266-4cda-b061-e76314b1b422,2023-01-18 18:58:01.100000+00:00,38.33142857142854,2023-01-19 02:09:50.100000+00:00,66.7971428571428,76
807158a9-c266-4cda-b061-e76314b1b422,2023-01-30 14:57:18.100000+00:00,14.099999999999985,2023-01-01 07:15:37.100000+00:00,85.95999999999991,90
8ce8b281-3c5e-4b17-a863-630b9fc813dc,2023-01-06 01:04:35.072000+00:00,88.63428571428562,2023-01-06 03:58:25.100000+00:00,101.31142857142848,3
8ce8b281-3c5e-4b17-a863-630b9fc813dc,2023-01-11 10:52:48.100000+00:00,77.85142857142849,2023-01-11 15:03:41.100000+00:00,101.74857142857134,3
8ce8b281-3c5e-4b17-a863-630b9fc813dc,2023-01-20 17:34:30.100000+00:00,42.302857142857086,2023-01-20 19:02:29.011000+00:00,90.09714285714279,4
8ce8b281-3c5e-4b17-a863-630b9fc813dc,2023-01-22 06:38:39.002000+00:00,73.53428571428564,2023-01-22 08:52:21.106000+00:00,81.93428571428564,10
8ce8b281-3c5e-4b17-a863-630b9fc813dc,2023-01-23 01:31:29.100000+00:00,81.60285714285706,2023-01-23 01:32:04.100000+00:00,86.25714285714278,4
8ce8b281-3c5e-4b17-a863-630b9fc813dc,2023-01-24 06:16:43.100000+00:00,44.682857142857095,2023-01-24 10:23:05.021000+00:00,64.99999999999993,16
8ce8b281-3c5e-4b17-a863-630b9fc813dc,2023-01-29 05:49:26.011000+00:00,51.00285714285709,2023-01-29 08:09:15.100000+00:00,81.09999999999991,212
9893c80d-f282-46cf-a794-280f0306c936,2023-01-02 14:29:37.100000+00:00,18.502857142857124,2023-01-02 17:01:41.029000+00:00,60.2571428571428,166
9893c80d-f282-46cf-a794-280f0306c936,2023-01-02 17:02:43.011000+00:00,58.6971428571428,2023-01-02 23:57:38.016000+00:00,99.52285714285705,458
9893c80d-f282-46cf-a794-280f0306c936,2023-01-03 19:10:18.800000+00:00,34.22571428571424,2023-01-03 20:15:29.015000+00:00,79.44571428571423,3
9893c80d-f282-46cf-a794-280f0306c936,2023-01-04 03:19:10.100000+00:00,24.565714285714243,2023-01-04 05:36:52.100000+00:00,81.26285714285706,112
9893c80d-f282-46cf-a794-280f0306c936,2023-01-06 16:09:50.100000+00:00,42.391428571428534,2023-01-07 03:40:13.100000+00:00,56.96285714285708,993
9893c80d-f282-46cf-a794-280f0306c936,2023-01-08 17:35:12.100000+00:00,2.074285714285687,2023-01-08 21:25:03.100000+00:00,73.5057142857142,254
9893c80d-f282-46cf-a794-280f0306c936,2023-01-09 22:33:21.100000+00:00,23.162857142857103,2023-01-10 02:49:43.100000+00:00,55.76285714285709,364
9893c80d-f282-46cf-a794-280f0306c936,2023-01-10 22:39:06.100000+00:00,5.877142857142839,2023-01-11 03:31:29.100000+00:00,27.26571428571426,451
9893c80d-f282-46cf-a794-280f0306c936,2023-01-11 18:12:24.100000+00:00,-0.9714285714286008,2023-01-12 00:59:50.100000+00:00,62.802857142857086,469
9893c80d-f282-46cf-a794-280f0306c936,2023-01-12 17:12:24.100000+00:00,33.3428571428571,2023-01-12 21:03:37.628000+00:00,84.70285714285706,186
9893c80d-f282-46cf-a794-280f0306c936,2023-01-16 17:06:47.100000+00:00,-1.9942857142857378,2023-01-16 20:27:19.100000+00:00,77.63428571428562,88
9893c80d-f282-46cf-a794-280f0306c936,2023-01-18 17:56:56.100000+00:00,10.302857142857118,2023-01-19 05:13:30.100000+00:00,56.46857142857137,757
9893c80d-f282-46cf-a794-280f0306c936,2023-01-19 15:14:46.100000+00:00,55.80571428571423,2023-01-20 02:50:45.100000+00:00,68.99999999999993,984
9893c80d-f282-46cf-a794-280f0306c936,2023-01-20 18:12:57.100000+00:00,58.608571428571366,2023-01-21 00:10:09.100000+00:00,63.899999999999935,561
9893c80d-f282-46cf-a794-280f0306c936,2023-01-22 14:16:11.017000+00:00,36.39999999999996,2023-01-22 16:25:47.015000+00:00,60.96285714285709,170
9893c80d-f282-46cf-a794-280f0306c936,2023-01-22 16:25:57.100000+00:00,58.63714285714279,2023-01-22 17:20:21.400000+00:00,96.45999999999992,3
9893c80d-f282-46cf-a794-280f0306c936,2023-01-23 21:59:19.100000+00:00,44.77142857142852,2023-01-23 23:49:06.020000+00:00,85.95999999999992,52
9893c80d-f282-46cf-a794-280f0306c936,2023-01-24 00:44:21.100000+00:00,65.17999999999994,2023-01-24 04:20:59.100000+00:00,71.73428571428565,259
9893c80d-f282-46cf-a794-280f0306c936,2023-01-25 15:08:51.100000+00:00,44.49428571428567,2023-01-26 00:32:43.100000+00:00,56.12857142857138,856
9893c80d-f282-46cf-a794-280f0306c936,2023-01-27 14:23:09.100000+00:00,31.905714285714257,2023-01-27 19:25:28.100000+00:00,75.0714285714285,382
9893c80d-f282-46cf-a794-280f0306c936,2023-01-28 14:51:54.100000+00:00,38.3228571428571,2023-01-28 15:56:16.015000+00:00,81.09999999999991,24
9893c80d-f282-46cf-a794-280f0306c936,2023-01-30 14:44:51.100000+00:00,27.205714285714258,2023-01-30 20:22:10.100000+00:00,55.99999999999994,505
9eb5ac45-bbf9-4a07-83d8-044372f336c7,2023-01-01 19:19:15.002000+00:00,28.35428571428568,2023-01-01 22:40:40.011000+00:00,53.871428571428524,131
9eb5ac45-bbf9-4a07-83d8-044372f336c7,2023-01-04 22:48:16.017000+00:00,34.499999999999964,2023-01-04 23:56:06.029000+00:00,39.999999999999964,103
9eb5ac45-bbf9-4a07-83d8-044372f336c7,2023-01-07 18:25:46.011000+00:00,13.53714285714284,2023-01-07 19:29:21.020000+00:00,24.299999999999976,71
9eb5ac45-bbf9-4a07-83d8-044372f336c7,2023-01-12 22:33:31.002000+00:00,56.84571428571424,2023-01-12 22:34:03.020000+00:00,79.85142857142851,2
9eb5ac45-bbf9-4a07-83d8-044372f336c7,2023-01-18 05:33:10.020000+00:00,11.04285714285712,2023-01-18 06:13:31.019000+00:00,47.35714285714282,3
9eb5ac45-bbf9-4a07-83d8-044372f336c7,2023-01-19 21:19:23.011000+00:00,26.419999999999973,2023-01-19 22:43:11.020000+00:00,82.17142857142849,84
9eb5ac45-bbf9-4a07-83d8-044372f336c7,2023-01-21 23:40:47.020000+00:00,40.0228571428571,2023-01-22 00:47:24.034000+00:00,82.83999999999995,5
9eb5ac45-bbf9-4a07-83d8-044372f336c7,2023-01-23 22:34:59.019000+00:00,23.325714285714266,2023-01-23 23:32:13.021000+00:00,57.651428571428525,32
9eb5ac45-bbf9-4a07-83d8-044372f336c7,2023-01-26 23:35:03.025000+00:00,4.148571428571421,2023-01-27 00:04:21.034000+00:00,21.251428571428555,4
9eb5ac45-bbf9-4a07-83d8-044372f336c7,2023-01-27 01:09:33.011000+00:00,4.334285714285696,2023-01-27 01:51:34.020000+00:00,57.16571428571424,3
9eb5ac45-bbf9-4a07-83d8-044372f336c7,2023-01-28 20:44:46.002000+00:00,20.56285714285712,2023-01-29 08:39:28.655000+00:00,77.76857142857135,424
9eb5ac45-bbf9-4a07-83d8-044372f336c7,2023-01-30 18:18:05.017000+00:00,65.21999999999994,2023-01-01 22:47:40.100000+00:00,72.89999999999995,117
cefc7df0-cf57-46ab-8180-55d437e07d9f,2023-01-03 02:11:43.100000+00:00,72.09999999999991,2023-01-03 07:22:59.100000+00:00,91.83999999999992,35
cefc7df0-cf57-46ab-8180-55d437e07d9f,2023-01-14 03:31:59.100000+00:00,63.07714285714279,2023-01-14 07:46:44.100000+00:00,96.12571428571421,3
cefc7df0-cf57-46ab-8180-55d437e07d9f,2023-01-18 05:54:42.100000+00:00,74.48285714285707,2023-01-18 08:08:48.100000+00:00,95.21714285714279,3
d44b765e-d86f-46f8-ba46-8cd913c49285,2023-01-10 02:23:00.100000+00:00,79.59999999999992,2023-01-10 05:37:24.100000+00:00,99.87714285714277,48
ef67f6d6-196a-4bc0-94fa-c13ad9672dac,2023-01-03 20:03:56.100000+00:00,8.665714285714262,2023-01-03 21:05:59.016000+00:00,66.53428571428566,4
ef67f6d6-196a-4bc0-94fa-c13ad9672dac,2023-01-04 18:05:31.100000+00:00,7.59428571428569,2023-01-04 18:54:28.019000+00:00,64.13999999999996,4
ef67f6d6-196a-4bc0-94fa-c13ad9672dac,2023-01-06 01:43:59.100000+00:00,26.34857142857139,2023-01-06 04:06:10.100000+00:00,83.13428571428562,117
ef67f6d6-196a-4bc0-94fa-c13ad9672dac,2023-01-07 01:28:13.056000+00:00,34.57999999999996,2023-01-07 02:01:57.018000+00:00,64.15999999999995,5
ef67f6d6-196a-4bc0-94fa-c13ad9672dac,2023-01-16 19:54:50.100000+00:00,4.5171428571428445,2023-01-16 20:21:54.016000+00:00,32.982857142857114,4
ef67f6d6-196a-4bc0-94fa-c13ad9672dac,2023-01-17 12:22:30.041000+00:00,17.19999999999998,2023-01-17 16:23:28.100000+00:00,57.3971428571428,318
ef67f6d6-196a-4bc0-94fa-c13ad9672dac,2023-01-18 13:58:29.100000+00:00,12.419999999999987,2023-01-18 19:44:05.015000+00:00,89.92285714285708,291
ef67f6d6-196a-4bc0-94fa-c13ad9672dac,2023-01-20 02:49:48.032000+00:00,9.817142857142848,2023-01-20 05:11:02.100000+00:00,46.89714285714281,230
ef67f6d6-196a-4bc0-94fa-c13ad9672dac,2023-01-20 15:34:36.100000+00:00,47.89142857142853,2023-01-20 18:28:27.029000+00:00,59.131428571428515,242
ef67f6d6-196a-4bc0-94fa-c13ad9672dac,2023-01-20 23:59:07.100000+00:00,12.665714285714255,2023-01-21 00:51:47.016000+00:00,74.63428571428565,8
ef67f6d6-196a-4bc0-94fa-c13ad9672dac,2023-01-21 15:51:45.100000+00:00,47.91428571428567,2023-01-21 16:42:17.016000+00:00,77.7857142857142,4
ef67f6d6-196a-4bc0-94fa-c13ad9672dac,2023-01-22 18:48:52.022000+00:00,44.51999999999995,2023-01-22 19:25:42.018000+00:00,67.47999999999993,5
ef67f6d6-196a-4bc0-94fa-c13ad9672dac,2023-01-23 18:45:58.100000+00:00,4.717142857142832,2023-01-23 19:49:48.016000+00:00,78.2828571428571,4
ef67f6d6-196a-4bc0-94fa-c13ad9672dac,2023-01-24 23:23:07.100000+00:00,73.97714285714278,2023-01-25 02:28:07.016000+00:00,90.49714285714279,220
ef67f6d6-196a-4bc0-94fa-c13ad9672dac,2023-01-25 17:24:49.100000+00:00,63.985714285714224,2023-01-25 18:00:57.015000+00:00,83.31428571428563,4
ef67f6d6-196a-4bc0-94fa-c13ad9672dac,2023-01-26 15:00:45.100000+00:00,7.4542857142856995,2023-01-26 15:29:33.016000+00:00,34.04571428571426,4
ef67f6d6-196a-4bc0-94fa-c13ad9672dac,2023-01-27 16:06:38.034000+00:00,5.537142857142839,2023-01-27 16:45:07.018000+00:00,52.8628571428571,5
ef67f6d6-196a-4bc0-94fa-c13ad9672dac,2023-01-27 21:42:57.100000+00:00,32.11714285714282,2023-01-27 22:05:56.016000+00:00,63.37999999999995,4
ef67f6d6-196a-4bc0-94fa-c13ad9672dac,2023-01-29 17:47:16.036000+00:00,44.99999999999996,2023-01-29 18:57:53.100000+00:00,67.13714285714279,103
ef67f6d6-196a-4bc0-94fa-c13ad9672dac,2023-01-30 15:27:56.200000+00:00,61.36857142857137,2021-09-01 16:14:22.040000+00:00,108.22857142857133,307
fc86bd41-dd55-4d15-bb3f-35e31c7759e6,2021-09-20 16:45:55.100000+00:00,88.22857142857134,2021-09-20 16:46:26.109000+00:00,91.65714285714279,2
fc86bd41-dd55-4d15-bb3f-35e31c7759e6,2021-09-21 13:36:25+00:00,89.65428571428563,2021-09-21 13:36:50.022000+00:00,96.64857142857136,2
fc86bd41-dd55-4d15-bb3f-35e31c7759e6,2021-09-21 20:45:27.402000+00:00,69.83428571428564,2021-09-21 21:05:36.793000+00:00,82.43999999999993,40
fc86bd41-dd55-4d15-bb3f-35e31c7759e6,2021-09-21 21:36:22+00:00,59.18571428571422,2021-09-21 22:01:15.659000+00:00,75.49999999999991,25
fc86bd41-dd55-4d15-bb3f-35e31c7759e6,2021-09-23 21:26:03+00:00,51.622857142857086,2021-09-23 22:24:44.020000+00:00,76.79999999999993,94
fc86bd41-dd55-4d15-bb3f-35e31c7759e6,2021-09-23 22:25:46.011000+00:00,88.18285714285706,2021-09-23 22:26:17.020000+00:00,92.92571428571421,2
fc86bd41-dd55-4d15-bb3f-35e31c7759e6,2021-09-23 23:02:58.020000+00:00,73.29999999999993,2021-09-24 00:32:52.011000+00:00,80.35999999999993,175
fc86bd41-dd55-4d15-bb3f-35e31c7759e6,2021-09-24 00:33:54.029000+00:00,64.99999999999993,2021-09-24 00:59:13.011000+00:00,82.27428571428564,50
fc86bd41-dd55-4d15-bb3f-35e31c7759e6,2021-09-24 11:51:13+00:00,67.77714285714279,2021-09-24 11:51:38.022000+00:00,72.47428571428564,2
fc86bd41-dd55-4d15-bb3f-35e31c7759e6,2021-09-24 12:57:15.020000+00:00,50.83142857142852,2021-09-24 13:10:10.002000+00:00,56.434285714285664,26
fc86bd41-dd55-4d15-bb3f-35e31c7759e6,2021-09-24 13:11:12+00:00,63.69999999999994,2021-09-24 13:38:26.022000+00:00,82.6457142857142,5
fc86bd41-dd55-4d15-bb3f-35e31c7759e6,2021-09-24 14:45:36.011000+00:00,67.46857142857135,2021-09-24 22:38:21.011000+00:00,80.87999999999994,252
fc86bd41-dd55-4d15-bb3f-35e31c7759e6,2021-09-25 14:31:46+00:00,56.545714285714226,2021-09-25 15:00:07.023000+00:00,78.21999999999994,4
fc86bd41-dd55-4d15-bb3f-35e31c7759e6,2021-09-25 19:30:37+00:00,56.251428571428505,2021-09-25 19:56:52.021000+00:00,80.14857142857136,5
fc86bd41-dd55-4d15-bb3f-35e31c7759e6,2021-09-25 19:57:54.002000+00:00,78.39999999999992,2021-09-25 20:33:33.011000+00:00,89.55999999999992,70
fc86bd41-dd55-4d15-bb3f-35e31c7759e6,2021-09-25 20:49:34.011000+00:00,68.3371428571428,2021-09-26 05:25:51.020000+00:00,75.49714285714279,335
fc86bd41-dd55-4d15-bb3f-35e31c7759e6,2021-09-27 13:37:40+00:00,41.5285714285714,2021-09-27 13:38:05.022000+00:00,45.74571428571424,2
fc86bd41-dd55-4d15-bb3f-35e31c7759e6,2021-09-27 14:29:14.020000+00:00,62.791428571428526,2021-09-27 14:29:45.029000+00:00,72.21142857142851,2
fc86bd41-dd55-4d15-bb3f-35e31c7759e6,2021-09-27 15:15:13.011000+00:00,58.854285714285666,2021-09-27 15:15:44.020000+00:00,68.98857142857139,2
fc86bd41-dd55-4d15-bb3f-35e31c7759e6,2021-09-27 19:12:48.002000+00:00,23.20285714285712,2021-09-27 19:14:52.016000+00:00,62.39428571428569,5
fc86bd41-dd55-4d15-bb3f-35e31c7759e6,2021-09-27 19:15:54.038000+00:00,23.09999999999998,2021-09-27 19:52:04.029000+00:00,61.42285714285708,71
fc86bd41-dd55-4d15-bb3f-35e31c7759e6,2021-09-27 19:52:20.002000+00:00,60.257142857142796,2021-09-27 20:12:44.019000+00:00,81.08285714285707,4
fc86bd41-dd55-4d15-bb3f-35e31c7759e6,2021-09-28 15:07:59.002000+00:00,89.26285714285706,2021-09-28 15:09:01.020000+00:00,97.44857142857134,3
fc86bd41-dd55-4d15-bb3f-35e31c7759e6,2021-09-28 22:38:53.002000+00:00,56.11428571428565,2021-09-28 23:03:21.021000+00:00,81.88571428571422,4
fc86bd41-dd55-4d15-bb3f-35e31c7759e6,2021-09-29 13:36:36+00:00,76.14285714285708,2021-09-29 13:37:01.023000+00:00,81.28571428571422,2
fc86bd41-dd55-4d15-bb3f-35e31c7759e6,2021-09-29 17:57:32+00:00,55.15999999999993,2021-09-29 20:00:06.011000+00:00,58.57142857142852,45
fc86bd41-dd55-4d15-bb3f-35e31c7759e6,2021-09-29 20:10:14+00:00,59.937142857142796,2021-09-29 20:22:16.022000+00:00,70.04571428571421,3
fc86bd41-dd55-4d15-bb3f-35e31c7759e6,2021-09-29 21:15:46.029000+00:00,62.42571428571422,2021-09-29 21:38:58.023000+00:00,82.57428571428564,4
fc86bd41-dd55-4d15-bb3f-35e31c7759e6,2021-09-29 22:49:04.002000+00:00,87.91999999999992,2021-09-29 22:49:36.011000+00:00,92.71999999999993,2
fc86bd41-dd55-4d15-bb3f-35e31c7759e6,2021-09-30 12:15:22+00:00,60.45428571428566,2021-09-30 12:15:47.022000+00:00,65.04857142857136,2
fc86bd41-dd55-4d15-bb3f-35e31c7759e6,2021-09-30 12:28:11.011000+00:00,77.88857142857135,2021-09-30 12:28:42.020000+00:00,84.21714285714279,2
fc86bd41-dd55-4d15-bb3f-35e31c7759e6,2021-09-30 12:57:07.020000+00:00,57.199999999999946,2021-09-30 15:18:24.011000+00:00,82.81714285714278,253
fc86bd41-dd55-4d15-bb3f-35e31c7759e6,2021-09-30 15:19:26.029000+00:00,64.69999999999993,2021-09-30 15:20:28.011000+00:00,83.58285714285708,3
fc86bd41-dd55-4d15-bb3f-35e31c7759e6,2021-09-30 15:21:30.029000+00:00,63.899999999999935,2021-09-30 15:56:38.011000+00:00,73.93142857142851,69
fc86bd41-dd55-4d15-bb3f-35e31c7759e6,2021-09-30 15:57:40.029000+00:00,57.99999999999994,2021-09-30 16:16:47.011000+00:00,78.26857142857136,38
fc86bd41-dd55-4d15-bb3f-35e31c7759e6,2021-09-30 17:00:32+00:00,43.17999999999994,2021-09-30 17:26:32.022000+00:00,75.2228571428571,5
fc86bd41-dd55-4d15-bb3f-35e31c7759e6,2021-09-30 17:27:33.002000+00:00,72.89999999999995,2021-09-30 17:52:17.036000+00:00,84.24857142857135,32
fc86bd41-dd55-4d15-bb3f-35e31c7759e6,2021-09-30 19:02:05+00:00,68.8857142857142,2021-09-30 19:39:11.011000+00:00,80.39428571428564,73
fc86bd41-dd55-4d15-bb3f-35e31c7759e6,2021-09-30 19:40:13.029000+00:00,68.59999999999992,2021-09-30 19:53:08.011000+00:00,88.09142857142851,26
fc86bd41-dd55-4d15-bb3f-35e31c7759e6,2021-09-30 23:23:47.037000+00:00,44.99999999999996,2021-10-01 00:55:14.011000+00:00,59.931428571428526,178
fc86bd41-dd55-4d15-bb3f-35e31c7759e6,2021-10-01 01:32:11+00:00,33.2628571428571,2021-10-01 01:49:01.022000+00:00,56.83714285714281,5
fc86bd41-dd55-4d15-bb3f-35e31c7759e6,2021-10-01 13:27:57+00:00,68.56857142857136,2021-10-01 13:28:22.021000+00:00,74.87714285714279,2
fc86bd41-dd55-4d15-bb3f-35e31c7759e6,2021-10-01 13:29:24.002000+00:00,73.29999999999993,2021-10-01 13:36:38.011000+00:00,83.37999999999992,15
fc86bd41-dd55-4d15-bb3f-35e31c7759e6,2021-10-01 19:36:07+00:00,49.52285714285708,2021-10-01 19:37:03.047000+00:00,92.21714285714279,3
fc86bd41-dd55-4d15-bb3f-35e31c7759e6,2021-10-01 20:33:03+00:00,47.117142857142795,2021-10-01 21:07:08.021000+00:00,83.78285714285707,5
fc86bd41-dd55-4d15-bb3f-35e31c7759e6,2021-10-01 22:54:36.011000+00:00,82.55428571428564,2021-10-01 22:55:07.020000+00:00,87.86857142857136,2
fc86bd41-dd55-4d15-bb3f-35e31c7759e6,2021-10-01 23:16:18.082000+00:00,64.29999999999994,2021-10-02 00:44:46.314000+00:00,81.23999999999992,122
fc86bd41-dd55-4d15-bb3f-35e31c7759e6,2021-10-04 13:43:42.010000+00:00,79.33714285714278,2021-10-04 13:44:13.002000+00:00,89.55428571428564,2
fc86bd41-dd55-4d15-bb3f-35e31c7759e6,2021-10-05 13:12:05+00:00,70.36571428571422,2021-10-05 13:12:30.018000+00:00,76.81142857142851,2
fc86bd41-dd55-4d15-bb3f-35e31c7759e6,2021-10-05 13:17:09.011000+00:00,83.66571428571422,2021-10-05 13:17:40.020000+00:00,87.65142857142848,2
fc86bd41-dd55-4d15-bb3f-35e31c7759e6,2021-10-05 23:04:32.011000+00:00,36.79999999999996,2021-10-06 00:41:43.011000+00:00,63.06571428571422,189
fc86bd41-dd55-4d15-bb3f-35e31c7759e6,2021-10-06 00:42:45.029000+00:00,25.325714285714238,2021-10-06 02:48:05.020000+00:00,56.79999999999994,222
fc86bd41-dd55-4d15-bb3f-35e31c7759e6,2021-10-06 13:35:31+00:00,68.46285714285708,2021-10-06 13:35:56.023000+00:00,73.84571428571422,2
fc86bd41-dd55-4d15-bb3f-35e31c7759e6,2021-10-06 13:36:58.006000+00:00,72.49999999999993,2021-10-06 13:50:24.011000+00:00,83.35714285714278,27
fc86bd41-dd55-4d15-bb3f-35e31c7759e6,2021-10-06 14:22:26.002000+00:00,67.39999999999995,2021-10-06 15:11:00.011000+00:00,75.1314285714285,95
fc86bd41-dd55-4d15-bb3f-35e31c7759e6,2021-10-06 15:12:02.029000+00:00,59.63428571428565,2021-10-06 15:32:11.029000+00:00,72.4314285714285,40
fc86bd41-dd55-4d15-bb3f-35e31c7759e6,2021-10-06 15:47:10.011000+00:00,71.29999999999993,2021-10-06 16:18:10.020000+00:00,79.56571428571421,61
fc86bd41-dd55-4d15-bb3f-35e31c7759e6,2021-10-06 20:05:07.011000+00:00,82.32857142857137,2021-10-06 20:05:38.020000+00:00,87.25714285714278,2
fc86bd41-dd55-4d15-bb3f-35e31c7759e6,2021-10-06 20:06:40.002000+00:00,70.49999999999994,2021-10-06 21:44:19.011000+00:00,78.3914285714285,190
fc86bd41-dd55-4d15-bb3f-35e31c7759e6,2021-10-06 22:31:13.011000+00:00,60.40285714285708,2021-10-07 00:35:14.011000+00:00,79.19999999999993,214
fc86bd41-dd55-4d15-bb3f-35e31c7759e6,2021-10-07 16:37:22.011000+00:00,87.82857142857135,2021-10-07 19:52:53+00:00,91.95428571428565,5
fc86bd41-dd55-4d15-bb3f-35e31c7759e6,2021-10-07 19:53:50.047000+00:00,76.39999999999993,2021-10-07 20:51:11.011000+00:00,85.93142857142851,110
fc86bd41-dd55-4d15-bb3f-35e31c7759e6,2021-10-07 20:52:13.029000+00:00,71.69999999999993,2021-10-07 21:07:12.002000+00:00,85.17142857142849,30
fc86bd41-dd55-4d15-bb3f-35e31c7759e6,2021-10-07 21:50:41.020000+00:00,77.32857142857137,2021-10-07 21:51:13.029000+00:00,83.80571428571423,2
fc86bd41-dd55-4d15-bb3f-35e31c7759e6,2021-10-07 21:54:49.020000+00:00,78.2314285714285,2021-10-07 21:55:20.029000+00:00,85.02285714285708,2
fc86bd41-dd55-4d15-bb3f-35e31c7759e6,2021-10-07 23:10:09.020000+00:00,72.90285714285707,2021-10-07 23:10:40.029000+00:00,79.44571428571422,2
fc86bd41-dd55-4d15-bb3f-35e31c7759e6,2021-10-07 23:11:42.011000+00:00,57.097142857142806,2021-10-07 23:59:45.011000+00:00,69.39142857142852,94
fc86bd41-dd55-4d15-bb3f-35e31c7759e6,2021-10-08 01:30:00.002000+00:00,40.348571428571375,2021-10-08 01:45:22.021000+00:00,61.55142857142852,4
fc86bd41-dd55-4d15-bb3f-35e31c7759e6,2021-10-08 12:32:40+00:00,70.86285714285708,2021-10-08 12:33:05.022000+00:00,76.24571428571421,2
fc86bd41-dd55-4d15-bb3f-35e31c7759e6,2021-10-08 12:34:07.003000+00:00,74.89999999999992,2021-10-08 12:43:26.011000+00:00,84.61428571428564,19
fc86bd41-dd55-4d15-bb3f-35e31c7759e6,2021-10-08 14:22:07.002000+00:00,76.98571428571421,2021-10-08 14:22:38.011000+00:00,83.31999999999994,2
fc86bd41-dd55-4d15-bb3f-35e31c7759e6,2021-10-08 21:28:47.471000+00:00,63.73999999999995,2021-10-08 21:29:18.480000+00:00,71.83999999999995,2
fc86bd41-dd55-4d15-bb3f-35e31c7759e6,2021-10-08 21:30:20.502000+00:00,44.41142857142852,2021-10-08 21:35:30.600000+00:00,51.25714285714281,11
fc86bd41-dd55-4d15-bb3f-35e31c7759e6,2021-10-11 16:54:14.044000+00:00,84.69999999999993,2021-10-11 21:13:24.011000+00:00,90.15999999999991,265
fc86bd41-dd55-4d15-bb3f-35e31c7759e6,2021-10-12 12:20:12+00:00,82.71142857142848,2021-10-13 01:07:01.011000+00:00,90.81714285714278,1099
fc86bd41-dd55-4d15-bb3f-35e31c7759e6,2021-10-13 11:49:08+00:00,75.07999999999993,2021-10-13 11:55:12.016000+00:00,82.69428571428563,16
fc86bd41-dd55-4d15-bb3f-35e31c7759e6,2021-10-13 15:33:58.042000+00:00,55.71428571428566,2021-10-13 16:05:40.019000+00:00,81.0514285714285,4
fc86bd41-dd55-4d15-bb3f-35e31c7759e6,2021-10-13 20:42:59.011000+00:00,50.12571428571424,2021-10-13 21:17:36.011000+00:00,67.36571428571423,68
fc86bd41-dd55-4d15-bb3f-35e31c7759e6,2021-10-13 23:18:00+00:00,30.97999999999996,2021-10-13 23:48:35.024000+00:00,73.18571428571423,5
fc86bd41-dd55-4d15-bb3f-35e31c7759e6,2021-10-14 00:19:25+00:00,65.31999999999994,2021-10-14 00:20:07.031000+00:00,72.03999999999992,4
fc86bd41-dd55-4d15-bb3f-35e31c7759e6,2021-10-14 13:45:35+00:00,81.5257142857142,2021-10-14 13:46:01.023000+00:00,88.38285714285706,2
fc86bd41-dd55-4d15-bb3f-35e31c7759e6,2021-10-14 22:04:00+00:00,73.6314285714285,2021-10-15 00:38:52.011000+00:00,76.8371428571428,290
fc86bd41-dd55-4d15-bb3f-35e31c7759e6,2021-10-15 00:39:54.029000+00:00,61.099999999999945,2021-10-15 01:07:18.011000+00:00,73.5314285714285,54
fc86bd41-dd55-4d15-bb3f-35e31c7759e6,2021-10-15 12:43:53+00:00,63.465714285714235,2021-10-15 12:44:20.024000+00:00,68.71142857142851,2
fc86bd41-dd55-4d15-bb3f-35e31c7759e6,2021-10-15 14:29:10.012000+00:00,65.2514285714285,2021-10-15 14:29:40.021000+00:00,73.02285714285709,2
fc86bd41-dd55-4d15-bb3f-35e31c7759e6,2021-10-15 21:40:59+00:00,46.83142857142852,2021-10-15 22:04:52.024000+00:00,73.19714285714278,24
fc86bd41-dd55-4d15-bb3f-35e31c7759e6,2021-10-15 22:05:54.003000+00:00,85.96285714285706,2021-10-15 22:06:17.012000+00:00,91.05999999999992,3
fc86bd41-dd55-4d15-bb3f-35e31c7759e6,2021-10-15 22:09:27+00:00,72.65714285714277,2021-10-15 22:16:04.011000+00:00,75.99999999999993,14
fc86bd41-dd55-4d15-bb3f-35e31c7759e6,2021-10-16 05:17:29.011000+00:00,64.82571428571424,2021-10-16 05:18:00.020000+00:00,74.21142857142851,2
fc86bd41-dd55-4d15-bb3f-35e31c7759e6,2021-10-16 05:19:02.003000+00:00,42.299999999999955,2021-10-16 15:07:10.011000+00:00,85.52571428571422,504
fc86bd41-dd55-4d15-bb3f-35e31c7759e6,2021-10-16 22:48:38+00:00,63.485714285714224,2021-10-16 23:19:32.449000+00:00,78.48285714285707,61
fc86bd41-dd55-4d15-bb3f-35e31c7759e6,2021-10-16 23:20:35.467000+00:00,62.905714285714225,2021-10-17 00:22:35.666000+00:00,67.94571428571422,121
fc86bd41-dd55-4d15-bb3f-35e31c7759e6,2021-10-18 11:06:42.007000+00:00,82.95428571428565,2021-10-18 11:11:21.020000+00:00,94.39714285714277,10
fc86bd41-dd55-4d15-bb3f-35e31c7759e6,2021-10-18 14:34:57.113000+00:00,65.79999999999993,2021-10-18 15:16:17.913000+00:00,78.35714285714279,81
fc86bd41-dd55-4d15-bb3f-35e31c7759e6,2021-10-18 15:35:55.185000+00:00,59.779999999999944,2021-10-19 00:12:47.485000+00:00,66.9514285714285,29
fc86bd41-dd55-4d15-bb3f-35e31c7759e6,2021-10-19 13:54:02+00:00,76.58571428571422,2021-10-19 13:54:29.021000+00:00,83.64857142857136,2
fc86bd41-dd55-4d15-bb3f-35e31c7759e6,2021-10-19 13:55:31.056000+00:00,81.89999999999992,2021-10-19 14:06:53.011000+00:00,87.55714285714278,23
fc86bd41-dd55-4d15-bb3f-35e31c7759e6,2021-10-20 13:54:55.015000+00:00,64.29999999999994,2021-10-20 14:01:38.011000+00:00,83.31999999999994,14
fc86bd41-dd55-4d15-bb3f-35e31c7759e6,2021-10-20 14:27:59.011000+00:00,59.199999999999946,2021-10-20 15:02:05.011000+00:00,80.55999999999995,67
fc86bd41-dd55-4d15-bb3f-35e31c7759e6,2021-10-20 15:05:42.002000+00:00,52.89999999999995,2021-10-20 15:32:34.011000+00:00,75.12857142857138,53
fc86bd41-dd55-4d15-bb3f-35e31c7759e6,2021-10-21 13:40:10+00:00,56.53142857142852,2021-10-21 13:41:07.039000+00:00,65.82285714285709,3
fc86bd41-dd55-4d15-bb3f-35e31c7759e6,2021-10-21 16:09:52+00:00,37.53428571428567,2021-10-21 16:52:59.019000+00:00,84.56285714285707,5
fc86bd41-dd55-4d15-bb3f-35e31c7759e6,2021-10-22 12:18:20.012000+00:00,89.9457142857142,2021-10-22 12:32:18.011000+00:00,94.29142857142848,28
fc86bd41-dd55-4d15-bb3f-35e31c7759e6,2021-10-22 13:46:11.002000+00:00,76.99428571428562,2021-10-22 14:19:14.011000+00:00,85.9057142857142,65
fc86bd41-dd55-4d15-bb3f-35e31c7759e6,2021-10-22 14:20:16.030000+00:00,74.89999999999992,2021-10-22 15:17:37.011000+00:00,79.68571428571423,112
fc86bd41-dd55-4d15-bb3f-35e31c7759e6,2021-10-22 21:09:55.020000+00:00,76.85714285714278,2021-10-22 22:19:46.029000+00:00,100.29714285714277,40
fc86bd41-dd55-4d15-bb3f-35e31c7759e6,2021-10-23 16:59:58+00:00,35.954285714285675,2021-10-23 17:00:39.034000+00:00,42.9828571428571,4
fc86bd41-dd55-4d15-bb3f-35e31c7759e6,2021-10-24 19:39:57+00:00,27.888571428571392,2021-10-24 19:40:37.034000+00:00,35.499999999999964,4
fc86bd41-dd55-4d15-bb3f-35e31c7759e6,2021-10-25 13:46:55+00:00,46.46857142857139,2021-10-25 13:48:23.065000+00:00,76.05714285714281,4
fc86bd41-dd55-4d15-bb3f-35e31c7759e6,2021-10-25 15:57:34+00:00,33.094285714285675,2021-10-25 16:28:24.669000+00:00,66.78571428571422,24
fc86bd41-dd55-4d15-bb3f-35e31c7759e6,2021-10-27 15:44:27.002000+00:00,63.05142857142852,2021-10-27 15:44:58.011000+00:00,72.8228571428571,2
fc86bd41-dd55-4d15-bb3f-35e31c7759e6,2021-10-27 15:46:00.033000+00:00,39.599999999999966,2021-10-27 20:02:25.006000+00:00,72.19999999999995,69
fc86bd41-dd55-4d15-bb3f-35e31c7759e6,2021-10-27 20:24:38.011000+00:00,36.36571428571425,2021-10-27 21:30:23.025000+00:00,79.99999999999993,51
fc86bd41-dd55-4d15-bb3f-35e31c7759e6,2021-10-28 13:12:09+00:00,74.04285714285706,2021-10-28 13:12:43.075000+00:00,80.38571428571422,4
fc86bd41-dd55-4d15-bb3f-35e31c7759e6,2021-10-28 14:11:29.011000+00:00,70.35999999999991,2021-10-28 14:53:42.003000+00:00,82.89142857142849,80
fc86bd41-dd55-4d15-bb3f-35e31c7759e6,2021-10-28 15:30:54.020000+00:00,75.74571428571423,2021-10-28 15:31:25.029000+00:00,82.34285714285707,2
fc86bd41-dd55-4d15-bb3f-35e31c7759e6,2021-10-29 02:23:34+00:00,29.694285714285666,2021-10-29 02:25:15.012000+00:00,52.28857142857137,7
fc86bd41-dd55-4d15-bb3f-35e31c7759e6,2021-11-01 10:02:44.011000+00:00,79.96857142857137,2021-11-01 10:03:15.020000+00:00,86.49714285714279,2
fc86bd41-dd55-4d15-bb3f-35e31c7759e6,2021-11-03 20:07:39+00:00,62.70285714285709,2021-11-03 21:53:12.011000+00:00,88.93142857142848,190
fc86bd41-dd55-4d15-bb3f-35e31c7759e6,2021-11-03 21:54:14.029000+00:00,77.59999999999991,2021-11-03 22:19:02.006000+00:00,91.26285714285707,49
fc86bd41-dd55-4d15-bb3f-35e31c7759e6,2021-11-08 17:59:20.010000+00:00,65.47999999999992,2021-11-08 19:40:17.017000+00:00,85.17142857142849,30
fc86bd41-dd55-4d15-bb3f-35e31c7759e6,2021-11-08 19:44:56.011000+00:00,68.19999999999993,2021-11-09 00:51:19.020000+00:00,84.83714285714278,210
fc86bd41-dd55-4d15-bb3f-35e31c7759e6,2021-11-09 14:01:59.002000+00:00,77.59999999999991,2021-11-09 20:36:30.004000+00:00,84.69999999999993,264
fc86bd41-dd55-4d15-bb3f-35e31c7759e6,2021-11-10 15:46:37.012000+00:00,70.46571428571423,2021-11-10 15:47:08.021000+00:00,77.99999999999994,2
fc86bd41-dd55-4d15-bb3f-35e31c7759e6,2021-11-10 15:48:10.003000+00:00,51.60857142857138,2021-11-10 16:46:57.011000+00:00,59.59999999999994,94
fc86bd41-dd55-4d15-bb3f-35e31c7759e6,2021-11-10 23:21:57.011000+00:00,61.89714285714282,2021-11-10 23:22:28.020000+00:00,72.35428571428567,2
fc86bd41-dd55-4d15-bb3f-35e31c7759e6,2021-11-11 00:07:03+00:00,24.265714285714246,2021-11-11 00:49:17.016000+00:00,92.5571428571428,5
fc86bd41-dd55-4d15-bb3f-35e31c7759e6,2021-11-11 00:50:19.051000+00:00,71.53714285714277,2021-11-11 00:59:18.011000+00:00,76.94857142857136,20
fc86bd41-dd55-4d15-bb3f-35e31c7759e6,2021-11-12 12:58:57.020000+00:00,85.25714285714278,2021-11-12 12:59:28.029000+00:00,89.11428571428564,2
fc86bd41-dd55-4d15-bb3f-35e31c7759e6,2021-11-12 15:25:49.011000+00:00,58.79999999999994,2021-11-12 20:31:15.006000+00:00,68.99999999999993,200
fc86bd41-dd55-4d15-bb3f-35e31c7759e6,2021-11-12 21:29:38.002000+00:00,67.39999999999995,2021-11-13 00:27:22.011000+00:00,70.84285714285708,345
fc86bd41-dd55-4d15-bb3f-35e31c7759e6,2021-11-13 07:07:52.011000+00:00,58.99142857142853,2021-11-13 07:08:23.020000+00:00,69.8628571428571,2
fc86bd41-dd55-4d15-bb3f-35e31c7759e6,2021-11-13 09:41:53.011000+00:00,29.034285714285684,2021-11-13 09:53:46.011000+00:00,67.72571428571425,24
fc86bd41-dd55-4d15-bb3f-35e31c7759e6,2021-11-14 17:22:27+00:00,44.14857142857137,2021-11-14 19:27:44.011000+00:00,71.87142857142851,212
fc86bd41-dd55-4d15-bb3f-35e31c7759e6,2021-11-14 19:28:46.029000+00:00,52.49999999999995,2021-11-14 21:02:17.011000+00:00,69.09714285714281,182
fc86bd41-dd55-4d15-bb3f-35e31c7759e6,2021-11-14 21:15:53+00:00,35.78285714285711,2021-11-14 21:55:57.011000+00:00,77.96571428571421,52
fc86bd41-dd55-4d15-bb3f-35e31c7759e6,2021-11-14 23:07:15.020000+00:00,75.12285714285707,2021-11-14 23:35:09.012000+00:00,83.48285714285706,54
fc86bd41-dd55-4d15-bb3f-35e31c7759e6,2021-11-16 20:26:37+00:00,86.55999999999992,2021-11-16 20:55:04.011000+00:00,94.28285714285707,58
fc86bd41-dd55-4d15-bb3f-35e31c7759e6,2021-11-18 13:28:46.020000+00:00,88.19714285714277,2021-11-18 13:29:17.029000+00:00,95.5114285714285,2
fc86bd41-dd55-4d15-bb3f-35e31c7759e6,2021-11-18 23:56:54.002000+00:00,89.43428571428564,2021-11-18 23:57:56.020000+00:00,99.20571428571421,3
fc86bd41-dd55-4d15-bb3f-35e31c7759e6,2021-11-19 15:46:59.002000+00:00,89.87714285714276,2021-11-19 21:52:22.002000+00:00,96.21142857142848,135
fc86bd41-dd55-4d15-bb3f-35e31c7759e6,2021-11-19 22:38:46.002000+00:00,84.93714285714276,2021-11-19 23:06:11.002000+00:00,95.1257142857142,45
fc86bd41-dd55-4d15-bb3f-35e31c7759e6,2021-11-20 20:01:38+00:00,61.2914285714285,2021-11-21 01:34:33.011000+00:00,70.90285714285707,155
fc86bd41-dd55-4d15-bb3f-35e31c7759e6,2021-11-21 17:19:21+00:00,63.55714285714279,2021-11-21 17:30:06.011000+00:00,86.14285714285707,22
fc86bd41-dd55-4d15-bb3f-35e31c7759e6,2021-11-22 22:01:52.002000+00:00,72.93714285714279,2021-11-22 22:02:23.011000+00:00,80.75428571428563,2
fc86bd41-dd55-4d15-bb3f-35e31c7759e6,2021-11-22 22:03:25.007000+00:00,78.79999999999993,2021-11-22 22:35:58.011000+00:00,91.95428571428563,64
fc86bd41-dd55-4d15-bb3f-35e31c7759e6,2021-11-22 22:37:00.029000+00:00,76.79999999999993,2021-11-22 22:49:55.011000+00:00,90.49714285714276,26
fc86bd41-dd55-4d15-bb3f-35e31c7759e6,2021-11-25 18:34:51.020000+00:00,66.0971428571428,2021-11-25 18:35:22.029000+00:00,74.55428571428565,2
fc86bd41-dd55-4d15-bb3f-35e31c7759e6,2021-11-26 01:39:26.011000+00:00,1.4999999999999984,2021-11-26 01:43:17.011000+00:00,10.188571428571414,10
fc86bd41-dd55-4d15-bb3f-35e31c7759e6,2021-11-27 03:02:32+00:00,28.11142857142855,2021-11-27 03:03:29.028000+00:00,40.762857142857115,3
fc86bd41-dd55-4d15-bb3f-35e31c7759e6,2021-11-27 18:46:44.020000+00:00,53.55999999999996,2021-11-27 18:47:15.029000+00:00,64.95999999999995,2
fc86bd41-dd55-4d15-bb3f-35e31c7759e6,2021-11-27 21:34:32.011000+00:00,52.42857142857139,2021-11-27 21:35:03.020000+00:00,63.85714285714282,2
fc86bd41-dd55-4d15-bb3f-35e31c7759e6,2021-11-27 21:36:05.002000+00:00,24.674285714285688,2021-11-28 04:25:21.041000+00:00,65.43428571428566,152
fc86bd41-dd55-4d15-bb3f-35e31c7759e6,2021-11-28 04:27:56.011000+00:00,64.77714285714279,2021-11-28 04:32:04.011000+00:00,78.33428571428564,9
fc86bd41-dd55-4d15-bb3f-35e31c7759e6,2021-11-29 22:48:25.002000+00:00,55.56571428571423,2021-11-29 23:51:05.011000+00:00,60.699999999999946,95
fc86bd41-dd55-4d15-bb3f-35e31c7759e6,2021-11-30 16:52:10.020000+00:00,67.52285714285709,2021-11-30 16:52:36.029000+00:00,78.27714285714279,3
fc86bd41-dd55-4d15-bb3f-35e31c7759e6,2021-11-30 22:28:07+00:00,53.75999999999995,2021-11-30 22:41:15.038000+00:00,80.80571428571422,6
fc86bd41-dd55-4d15-bb3f-35e31c7759e6,2021-12-01 15:55:55.011000+00:00,78.03428571428563,2021-12-01 16:28:06.011000+00:00,89.66857142857134,55
fc86bd41-dd55-4d15-bb3f-35e31c7759e6,2021-12-01 20:31:26.020000+00:00,79.35428571428565,2021-12-01 20:31:57.029000+00:00,85.01714285714279,2
fc86bd41-dd55-4d15-bb3f-35e31c7759e6,2021-12-01 22:36:43.011000+00:00,58.39999999999995,2021-12-01 23:19:22.029000+00:00,82.10571428571421,74
fc86bd41-dd55-4d15-bb3f-35e31c7759e6,2021-12-02 22:54:48+00:00,89.00571428571419,2021-12-02 22:55:45.037000+00:00,93.73714285714277,3
fc86bd41-dd55-4d15-bb3f-35e31c7759e6,2021-12-04 01:26:51.020000+00:00,84.87714285714279,2021-12-04 01:27:22.029000+00:00,89.03428571428563,2
fc86bd41-dd55-4d15-bb3f-35e31c7759e6,2021-12-04 01:28:24.011000+00:00,74.89999999999992,2021-12-04 05:20:24.636000+00:00,86.19999999999992,205
fc86bd41-dd55-4d15-bb3f-35e31c7759e6,2021-12-08 23:42:07.011000+00:00,63.674285714285645,2021-12-09 01:01:41.011000+00:00,88.2457142857142,79
fc86bd41-dd55-4d15-bb3f-35e31c7759e6,2021-12-09 22:48:07.011000+00:00,79.19999999999993,2021-12-10 00:19:16.002000+00:00,95.4199999999999,147
fc86bd41-dd55-4d15-bb3f-35e31c7759e6,2021-12-13 22:18:45.022000+00:00,56.90285714285709,2021-12-13 23:11:58.011000+00:00,77.18857142857138,104
fc86bd41-dd55-4d15-bb3f-35e31c7759e6,2021-12-13 23:13:00.029000+00:00,46.19999999999996,2021-12-14 01:05:46.020000+00:00,87.39999999999992,219
fc86bd41-dd55-4d15-bb3f-35e31c7759e6,2021-12-14 15:47:17.020000+00:00,85.72285714285707,2021-12-14 15:47:47.029000+00:00,90.56571428571421,2
fc86bd41-dd55-4d15-bb3f-35e31c7759e6,2021-12-15 14:12:37+00:00,73.86285714285707,2021-12-15 14:13:33.028000+00:00,80.4457142857142,3
fc86bd41-dd55-4d15-bb3f-35e31c7759e6,2021-12-15 21:37:01+00:00,57.11999999999995,2021-12-15 23:22:50.011000+00:00,78.79999999999993,183
fc86bd41-dd55-4d15-bb3f-35e31c7759e6,2021-12-20 16:37:19+00:00,81.39714285714278,2021-12-20 17:34:35.011000+00:00,86.92571428571421,113
fc86bd41-dd55-4d15-bb3f-35e31c7759e6,2021-12-21 12:23:35+00:00,86.07714285714277,2021-12-21 12:25:33.067000+00:00,90.49999999999991,6
fc86bd41-dd55-4d15-bb3f-35e31c7759e6,2021-12-21 12:57:04.107000+00:00,86.47999999999992,2021-12-21 12:57:35.116000+00:00,89.69714285714278,2
fc86bd41-dd55-4d15-bb3f-35e31c7759e6,2021-12-23 13:13:38.002000+00:00,88.56571428571418,2021-12-23 13:14:40.020000+00:00,97.67714285714277,3
fc86bd41-dd55-4d15-bb3f-35e31c7759e6,2021-12-23 15:19:11.011000+00:00,84.16857142857134,2021-12-23 15:19:42.020000+00:00,88.69714285714278,2
fc86bd41-dd55-4d15-bb3f-35e31c7759e6,2021-12-23 21:49:31.011000+00:00,83.64285714285707,2021-12-23 21:50:02.020000+00:00,88.2857142857142,2
fc86bd41-dd55-4d15-bb3f-35e31c7759e6,2021-12-23 21:51:04.002000+00:00,72.29428571428564,2021-12-23 22:46:07.011000+00:00,89.23714285714277,91
fc86bd41-dd55-4d15-bb3f-35e31c7759e6,2021-12-23 22:47:09.029000+00:00,83.16857142857134,2021-12-23 23:08:20.011000+00:00,86.5714285714285,42
fc86bd41-dd55-4d15-bb3f-35e31c7759e6,2021-12-25 02:41:09.011000+00:00,80.6914285714285,2021-12-25 02:41:40.020000+00:00,87.06285714285707,2
fc86bd41-dd55-4d15-bb3f-35e31c7759e6,2021-12-28 17:49:53.200000+00:00,49.988571428571376,2021-12-28 19:16:53.410000+00:00,67.9114285714285,5
fc86bd41-dd55-4d15-bb3f-35e31c7759e6,2021-12-28 19:17:49.106000+00:00,66.59999999999992,2021-12-28 22:04:14.007000+00:00,82.76857142857136,186
fc86bd41-dd55-4d15-bb3f-35e31c7759e6,2021-12-28 22:05:47.002000+00:00,81.41714285714276,2021-12-28 22:53:43.020000+00:00,96.13428571428562,78
fc86bd41-dd55-4d15-bb3f-35e31c7759e6,2021-12-29 17:05:19.160000+00:00,69.5714285714285,2021-12-29 19:18:08.500000+00:00,87.79428571428565,9
fc86bd41-dd55-4d15-bb3f-35e31c7759e6,2021-12-30 00:33:52.144000+00:00,35.377142857142815,2021-12-30 01:09:48.332000+00:00,70.26571428571421,6
fc86bd41-dd55-4d15-bb3f-35e31c7759e6,2021-12-30 02:10:16.212000+00:00,64.21142857142851,2021-12-30 02:10:51.226000+00:00,72.23428571428565,3
fc86bd41-dd55-4d15-bb3f-35e31c7759e6,2021-12-31 19:05:00.003000+00:00,88.53142857142848,2021-12-31 19:12:46.011000+00:00,94.26857142857133,16
fc86bd41-dd55-4d15-bb3f-35e31c7759e6,2022-01-01 04:37:06.020000+00:00,89.72857142857136,2022-01-01 04:37:36.029000+00:00,93.75428571428563,2
fc86bd41-dd55-4d15-bb3f-35e31c7759e6,2022-01-01 05:49:31.011000+00:00,85.98571428571421,2022-01-01 05:50:02.020000+00:00,90.83999999999992,2
fc86bd41-dd55-4d15-bb3f-35e31c7759e6,2022-01-01 18:38:25+00:00,24.368571428571407,2022-01-01 19:51:42.011000+00:00,61.099999999999945,144
fc86bd41-dd55-4d15-bb3f-35e31c7759e6,2022-01-01 22:16:22.002000+00:00,47.83428571428567,2022-01-01 22:42:58.047000+00:00,60.6571428571428,36
fc86bd41-dd55-4d15-bb3f-35e31c7759e6,2022-01-01 22:45:02.015000+00:00,62.9971428571428,2022-01-01 22:53:18.020000+00:00,70.93428571428565,17
fc86bd41-dd55-4d15-bb3f-35e31c7759e6,2022-01-01 22:55:22.020000+00:00,72.20285714285706,2022-01-02 06:31:36.011000+00:00,75.99999999999993,197
fc86bd41-dd55-4d15-bb3f-35e31c7759e6,2022-01-03 00:00:34.021000+00:00,88.59999999999991,2022-01-03 00:48:35.100000+00:00,95.0714285714285,62
fc86bd41-dd55-4d15-bb3f-35e31c7759e6,2022-01-03 16:43:17.020000+00:00,45.91999999999993,2022-01-03 18:23:10.100000+00:00,79.32571428571423,5
fc86bd41-dd55-4d15-bb3f-35e31c7759e6,2022-01-03 21:58:13.007000+00:00,61.657142857142816,2022-01-03 21:58:44.018000+00:00,71.51428571428566,2
fc86bd41-dd55-4d15-bb3f-35e31c7759e6,2022-01-03 21:59:46.011000+00:00,32.59999999999995,2022-01-03 23:56:39.006000+00:00,81.09999999999991,146
fc86bd41-dd55-4d15-bb3f-35e31c7759e6,2022-01-04 12:27:40+00:00,81.09999999999991,2022-01-04 12:36:21.011000+00:00,88.68857142857134,19
fc86bd41-dd55-4d15-bb3f-35e31c7759e6,2022-01-04 15:51:00.020000+00:00,73.98857142857136,2022-01-04 15:51:31.029000+00:00,81.8171428571428,2
fc86bd41-dd55-4d15-bb3f-35e31c7759e6,2022-01-04 15:52:33.011000+00:00,55.19999999999995,2022-01-04 16:25:06.015000+00:00,61.37428571428566,60
fc86bd41-dd55-4d15-bb3f-35e31c7759e6,2022-01-04 22:36:21.029000+00:00,31.119999999999962,2022-01-04 23:39:32.002000+00:00,73.99714285714279,99
fc86bd41-dd55-4d15-bb3f-35e31c7759e6,2022-01-05 15:10:30.020000+00:00,63.8771428571428,2022-01-05 15:11:01.029000+00:00,73.03428571428566,2
fc86bd41-dd55-4d15-bb3f-35e31c7759e6,2022-01-05 16:21:39+00:00,28.702857142857116,2022-01-05 19:17:56.100000+00:00,98.6399999999999,49
fc86bd41-dd55-4d15-bb3f-35e31c7759e6,2022-01-06 13:09:16.500000+00:00,71.50857142857134,2022-01-06 13:43:44.680000+00:00,83.61999999999992,4
fc86bd41-dd55-4d15-bb3f-35e31c7759e6,2022-01-06 17:49:38.850000+00:00,35.639999999999944,2022-01-06 18:02:32.116000+00:00,40.07714285714282,5
fc86bd41-dd55-4d15-bb3f-35e31c7759e6,2022-01-06 18:03:11.125000+00:00,38.962857142857104,2022-01-06 19:34:43.154000+00:00,52.58571428571423,5
fc86bd41-dd55-4d15-bb3f-35e31c7759e6,2022-01-06 22:45:44.222000+00:00,38.31999999999996,2022-01-06 23:56:36.253000+00:00,80.15428571428565,5
fc86bd41-dd55-4d15-bb3f-35e31c7759e6,2022-01-07 16:13:37.359000+00:00,26.891428571428527,2022-01-07 17:37:33.392000+00:00,99.31714285714278,3
fc86bd41-dd55-4d15-bb3f-35e31c7759e6,2022-01-08 00:35:28.539000+00:00,79.31999999999992,2022-01-08 05:49:23.568000+00:00,98.26857142857133,6
fc86bd41-dd55-4d15-bb3f-35e31c7759e6,2022-01-08 20:46:47.592000+00:00,71.36857142857137,2022-01-08 20:46:54.597000+00:00,74.76285714285709,2
fc86bd41-dd55-4d15-bb3f-35e31c7759e6,2022-01-08 22:26:50.637000+00:00,62.934285714285636,2022-01-09 01:54:01.648000+00:00,83.07142857142851,3
fc86bd41-dd55-4d15-bb3f-35e31c7759e6,2022-01-09 20:33:02.721000+00:00,46.7428571428571,2022-01-09 23:53:14.773000+00:00,84.88285714285706,8
fc86bd41-dd55-4d15-bb3f-35e31c7759e6,2022-01-11 12:43:30.262000+00:00,71.65428571428563,2022-01-11 13:10:00.262000+00:00,81.6914285714285,43
fc86bd41-dd55-4d15-bb3f-35e31c7759e6,2022-01-11 16:04:11.187000+00:00,44.299999999999955,2022-01-11 16:46:13.221000+00:00,73.76285714285707,5
fc86bd41-dd55-4d15-bb3f-35e31c7759e6,2022-01-12 13:51:07.302000+00:00,68.43714285714279,2022-01-12 13:54:08.014000+00:00,80.39428571428564,6
fc86bd41-dd55-4d15-bb3f-35e31c7759e6,2022-01-12 14:06:01.011000+00:00,68.30285714285708,2022-01-12 14:16:21.015000+00:00,80.08571428571422,21
fc86bd41-dd55-4d15-bb3f-35e31c7759e6,2022-01-12 21:01:50.003000+00:00,50.49999999999995,2022-01-12 21:33:52.002000+00:00,75.96571428571423,63
fc86bd41-dd55-4d15-bb3f-35e31c7759e6,2022-01-12 21:34:54.020000+00:00,86.02285714285706,2022-01-12 21:35:25.029000+00:00,90.14857142857136,2
fc86bd41-dd55-4d15-bb3f-35e31c7759e6,2022-01-12 21:35:58+00:00,77.16571428571422,2022-01-12 22:02:44.002000+00:00,80.35999999999993,52
fc86bd41-dd55-4d15-bb3f-35e31c7759e6,2022-01-13 18:13:00+00:00,58.294285714285664,2022-01-13 20:02:59.011000+00:00,71.8514285714285,82
fc86bd41-dd55-4d15-bb3f-35e31c7759e6,2022-01-14 13:54:56.011000+00:00,65.39999999999995,2022-01-14 15:55:20.002000+00:00,68.86285714285708,230
fc86bd41-dd55-4d15-bb3f-35e31c7759e6,2022-01-14 15:57:54.011000+00:00,70.60285714285708,2022-01-14 23:43:58.643000+00:00,81.5514285714285,266
fc86bd41-dd55-4d15-bb3f-35e31c7759e6,2022-01-15 02:53:53.024000+00:00,62.3114285714285,2022-01-15 05:22:42.030000+00:00,74.92285714285707,26
fc86bd41-dd55-4d15-bb3f-35e31c7759e6,2022-01-15 06:55:19.460000+00:00,69.57714285714277,2022-01-15 06:56:37.730000+00:00,77.87142857142848,4
fc86bd41-dd55-4d15-bb3f-35e31c7759e6,2022-01-15 09:05:03.750000+00:00,70.03999999999992,2022-01-15 09:37:06.072000+00:00,89.31999999999992,33
fc86bd41-dd55-4d15-bb3f-35e31c7759e6,2022-01-15 21:41:57.140000+00:00,54.77714285714279,2022-01-15 22:24:20.153000+00:00,89.45428571428563,3
fc86bd41-dd55-4d15-bb3f-35e31c7759e6,2022-01-18 17:44:37.020000+00:00,69.59428571428563,2022-01-18 23:39:19.011000+00:00,81.20285714285706,260
fc86bd41-dd55-4d15-bb3f-35e31c7759e6,2022-01-18 23:40:52.002000+00:00,81.89999999999992,2022-01-19 00:29:57.011000+00:00,88.81142857142848,96
fc86bd41-dd55-4d15-bb3f-35e31c7759e6,2022-01-19 12:38:59+00:00,83.36285714285708,2022-01-19 13:00:53.300000+00:00,86.6057142857142,23
fc86bd41-dd55-4d15-bb3f-35e31c7759e6,2022-01-19 16:18:30.720000+00:00,64.56285714285707,2022-01-19 16:49:06.840000+00:00,78.49999999999993,3
fc86bd41-dd55-4d15-bb3f-35e31c7759e6,2022-01-19 22:22:36.139000+00:00,41.62285714285708,2022-01-19 23:56:50.153000+00:00,95.47714285714278,3
fc86bd41-dd55-4d15-bb3f-35e31c7759e6,2022-01-20 18:15:57.228000+00:00,49.46285714285709,2022-01-20 22:10:00.323000+00:00,62.97999999999994,13
fc86bd41-dd55-4d15-bb3f-35e31c7759e6,2022-01-21 14:55:52.002000+00:00,61.60285714285708,2022-01-21 15:17:34.011000+00:00,73.67999999999995,43
fc86bd41-dd55-4d15-bb3f-35e31c7759e6,2022-01-21 15:18:36.033000+00:00,56.46857142857137,2022-01-21 19:27:30.047000+00:00,66.0171428571428,122
fc86bd41-dd55-4d15-bb3f-35e31c7759e6,2022-01-21 19:45:35.011000+00:00,43.899999999999956,2022-01-21 20:05:44.011000+00:00,73.93142857142851,40
fc86bd41-dd55-4d15-bb3f-35e31c7759e6,2022-01-21 20:06:46.029000+00:00,42.69999999999996,2022-01-21 21:40:10.011000+00:00,74.89999999999992,180
fc86bd41-dd55-4d15-bb3f-35e31c7759e6,2022-01-21 22:34:56.020000+00:00,83.27714285714279,2022-01-21 22:35:27.029000+00:00,88.43428571428564,2
fc86bd41-dd55-4d15-bb3f-35e31c7759e6,2022-01-21 23:35:18.020000+00:00,64.9571428571428,2022-01-21 23:56:59.019000+00:00,80.96285714285708,6
fc86bd41-dd55-4d15-bb3f-35e31c7759e6,2022-01-22 22:53:51.653000+00:00,45.174285714285666,2022-01-23 01:04:40.118000+00:00,82.7914285714285,9
fc86bd41-dd55-4d15-bb3f-35e31c7759e6,2022-01-23 23:53:16.161000+00:00,47.77142857142852,2022-01-24 00:21:07.020000+00:00,66.63428571428564,43
fc86bd41-dd55-4d15-bb3f-35e31c7759e6,2022-01-24 00:22:09.011000+00:00,80.15428571428565,2022-01-24 00:22:39.020000+00:00,85.76571428571421,2
fc86bd41-dd55-4d15-bb3f-35e31c7759e6,2022-01-24 00:23:41.002000+00:00,68.46285714285708,2022-01-24 00:46:26.011000+00:00,91.21428571428564,46
fc86bd41-dd55-4d15-bb3f-35e31c7759e6,2022-01-24 22:02:17+00:00,79.83428571428563,2022-01-24 22:02:43.176000+00:00,101.86857142857133,3
fc86bd41-dd55-4d15-bb3f-35e31c7759e6,2022-01-26 17:16:15.011000+00:00,75.42285714285705,2022-01-26 17:17:17.029000+00:00,89.93714285714277,3
fc86bd41-dd55-4d15-bb3f-35e31c7759e6,2022-01-27 00:19:53.554000+00:00,58.22857142857138,2022-01-27 00:29:42.745000+00:00,68.96571428571421,20
fc86bd41-dd55-4d15-bb3f-35e31c7759e6,2022-01-27 00:31:46.785000+00:00,70.36285714285708,2022-01-27 01:17:19.655000+00:00,74.33999999999992,87
fc86bd41-dd55-4d15-bb3f-35e31c7759e6,2022-01-28 15:17:37.011000+00:00,57.199999999999946,2022-01-29 01:11:32.011000+00:00,83.89999999999992,583
fc86bd41-dd55-4d15-bb3f-35e31c7759e6,2022-01-29 01:13:05.002000+00:00,81.83428571428564,2022-01-29 01:14:38.029000+00:00,94.14857142857134,4
fc86bd41-dd55-4d15-bb3f-35e31c7759e6,2022-01-29 07:35:30.011000+00:00,74.85999999999993,2022-01-29 07:36:01.020000+00:00,80.75999999999993,2
fc86bd41-dd55-4d15-bb3f-35e31c7759e6,2022-01-29 20:38:39.600000+00:00,45.84571428571424,2022-01-29 22:27:57.700000+00:00,86.69428571428566,9
fc86bd41-dd55-4d15-bb3f-35e31c7759e6,2022-01-30 22:46:30.161000+00:00,25.11999999999996,2022-01-30 23:21:53.203000+00:00,68.64285714285708,7
fc86bd41-dd55-4d15-bb3f-35e31c7759e6,2023-01-01 20:15:33.100000+00:00,33.89428571428569,2023-01-02 02:42:36.100000+00:00,47.73142857142852,537
fc86bd41-dd55-4d15-bb3f-35e31c7759e6,2023-01-03 13:16:25.100000+00:00,41.9828571428571,2023-01-03 22:39:02.100000+00:00,72.13428571428564,502
fc86bd41-dd55-4d15-bb3f-35e31c7759e6,2023-01-04 18:09:03.100000+00:00,38.27142857142853,2023-01-05 03:17:15.100000+00:00,62.699999999999946,619
fc86bd41-dd55-4d15-bb3f-35e31c7759e6,2023-01-07 16:02:36.100000+00:00,40.54285714285711,2023-01-07 17:44:58.100000+00:00,83.56857142857136,65
fc86bd41-dd55-4d15-bb3f-35e31c7759e6,2023-01-07 23:34:02.100000+00:00,57.37428571428566,2023-01-08 04:07:06.029000+00:00,64.77714285714279,293
fc86bd41-dd55-4d15-bb3f-35e31c7759e6,2023-01-08 17:28:33.100000+00:00,23.69428571428569,2023-01-08 20:44:58.100000+00:00,83.13142857142851,225
fc86bd41-dd55-4d15-bb3f-35e31c7759e6,2023-01-11 20:28:36.440000+00:00,12.345714285714273,2023-01-11 21:16:59.207000+00:00,47.297142857142816,3
fc86bd41-dd55-4d15-bb3f-35e31c7759e6,2023-01-12 14:32:29.100000+00:00,54.23428571428566,2023-01-12 20:11:59.100000+00:00,84.20285714285708,399
fc86bd41-dd55-4d15-bb3f-35e31c7759e6,2023-01-19 01:06:19.002000+00:00,65.42285714285708,2023-01-19 01:27:37.378000+00:00,74.89999999999992,45
fc86bd41-dd55-4d15-bb3f-35e31c7759e6,2023-01-20 14:18:30.047000+00:00,63.09999999999994,2023-01-20 21:49:09.646000+00:00,66.26285714285709,655
fc86bd41-dd55-4d15-bb3f-35e31c7759e6,2023-01-21 18:31:38.250000+00:00,36.74571428571424,2023-01-21 19:47:07.322000+00:00,60.362857142857095,2
fc86bd41-dd55-4d15-bb3f-35e31c7759e6,2023-01-23 18:19:19.190000+00:00,18.691428571428546,2023-01-23 19:14:36.142000+00:00,69.81142857142852,3
fc86bd41-dd55-4d15-bb3f-35e31c7759e6,2023-01-24 14:57:57.100000+00:00,50.94571428571424,2023-01-24 21:54:17.100000+00:00,74.49999999999993,436
fc86bd41-dd55-4d15-bb3f-35e31c7759e6,2023-01-25 17:41:43.580000+00:00,50.83714285714281,2023-01-25 23:23:58.100000+00:00,68.97999999999993,261
fc86bd41-dd55-4d15-bb3f-35e31c7759e6,2023-01-26 13:14:43.100000+00:00,62.35999999999994,2023-01-27 00:46:23.100000+00:00,80.31999999999994,848
fc86bd41-dd55-4d15-bb3f-35e31c7759e6,2023-01-30 13:21:21.045000+00:00,57.99999999999994,2023-01-30 22:10:48.168000+00:00,82.23428571428565,376
